"yr","mo","st","num_tornado","sum_inj","sum_fat","sum_loss","sum_closs"
2010,1,"AL",1,1,0,0,0
2010,1,"CA",6,0,0,3.525,0
2010,1,"FL",4,1,0,3.5,0
2010,1,"GA",1,0,0,0,0
2010,1,"LA",4,0,0,0.1,0
2010,1,"MS",2,0,0,0.54,0
2010,1,"TN",3,0,0,0.05,0
2010,1,"TX",11,0,0,5.535,0
2010,2,"CA",1,0,0,0,0
2010,3,"AL",3,0,0,0.255,0
2010,3,"AR",6,5,1,3.325,0
2010,3,"CA",1,0,0,0.05,0
2010,3,"FL",5,0,0,0.287,0
2010,3,"GA",1,0,0,0.05,0
2010,3,"MO",4,1,0,0.2,0
2010,3,"MS",2,0,0,0.15,0.3
2010,3,"NC",4,5,0,13.85,0
2010,3,"OK",2,0,0,1,0
2010,3,"SC",4,1,0,1.25,0.047
2010,3,"VA",1,0,0,0.015,0
2010,4,"AL",16,52,0,25.41,0
2010,4,"AR",15,23,1,17.253,0.01
2010,4,"CO",23,0,0,0.001,0
2010,4,"FL",3,0,0,0.015,0
2010,4,"GA",2,0,0,1.418,0
2010,4,"IL",4,0,0,0.005,0
2010,4,"KS",12,0,0,0.3908,0
2010,4,"KY",3,0,0,0.034,0
2010,4,"LA",3,162,10,421.035,24.52
2010,4,"MI",1,0,0,0.015,0
2010,4,"MO",19,0,0,1.725,0.061
2010,4,"MS",10,131,10,353.93,23.52
2010,4,"NC",2,0,0,0.27,0.025
2010,4,"NE",1,0,0,0.65,0
2010,4,"OK",1,0,0,0,0
2010,4,"SC",6,3,0,7.17,0
2010,4,"TN",5,0,0,1.226,0
2010,4,"TX",19,3,0,0.578,0
2010,4,"WI",3,0,0,0.13,0
2010,5,"AR",8,0,0,0.53,0
2010,5,"CO",27,0,0,0.084,0
2010,5,"GA",1,0,0,0.075,0
2010,5,"IL",4,0,0,0,0
2010,5,"KS",43,0,0,0.6025,0
2010,5,"KY",8,0,0,0.83,0
2010,5,"LA",2,0,0,0.01,0
2010,5,"MN",2,0,0,0,0
2010,5,"MO",8,0,0,0.579,0
2010,5,"MS",7,16,6,3.745,0
2010,5,"MT",1,0,0,0,0
2010,5,"ND",5,0,0,0.28,0
2010,5,"NE",9,0,0,0.162,0
2010,5,"NM",10,0,0,0.9815,0
2010,5,"OH",6,0,0,0.87,0
2010,5,"OK",92,128,3,6.563,0
2010,5,"SC",3,0,0,0.015,0.01
2010,5,"SD",15,0,0,0.3805,0
2010,5,"TN",14,15,1,10.225,0.046
2010,5,"TX",34,0,0,0.27,0
2010,5,"WA",1,0,0,0.002,0
2010,5,"WI",2,0,0,0.035,0
2010,5,"WY",10,0,0,0.05,0
2010,6,"CO",11,0,0,0.38,0
2010,6,"CT",1,3,0,0.32,0
2010,6,"FL",2,0,0,0,0
2010,6,"IA",27,14,0,7.8,0.027
2010,6,"IL",27,31,1,99.684,0.187
2010,6,"IN",12,4,0,2.923,0.057
2010,6,"KS",18,0,0,0.1125,0
2010,6,"KY",1,0,0,0,0
2010,6,"LA",2,0,0,0.002,0
2010,6,"ME",2,0,0,0,0
2010,6,"MI",15,15,1,64.9,0.01
2010,6,"MN",72,47,3,2.508,0.002
2010,6,"MO",3,0,0,0.01,0
2010,6,"MT",6,0,0,0.299,0
2010,6,"ND",31,1,0,0.275,0.05
2010,6,"NE",21,0,0,0.064,0
2010,6,"NH",1,0,0,0,0
2010,6,"NY",3,0,0,0.125,0
2010,6,"OH",11,28,7,104.549,0
2010,6,"OK",4,0,0,0,0
2010,6,"PA",7,0,0,0.685,0
2010,6,"SD",10,2,0,0.762,0
2010,6,"TN",1,0,0,0.025,0
2010,6,"TX",22,0,0,0.769,0.017
2010,6,"VT",1,0,0,0.025,0
2010,6,"WI",10,16,0,21.778,0.01
2010,6,"WY",4,0,0,0,0
2010,7,"AR",1,0,0,0.005,0
2010,7,"AZ",1,1,0,0,0
2010,7,"CO",4,0,0,0.035,0.01
2010,7,"CT",5,0,0,0.584,0
2010,7,"IA",5,0,0,751.25,0.027
2010,7,"IL",2,0,0,0,0
2010,7,"IN",2,0,0,0.0222,0.0055
2010,7,"KS",4,0,0,0.151,0
2010,7,"LA",1,0,0,0.01,0
2010,7,"ME",3,0,0,0,0
2010,7,"MI",8,0,0,0.266,0
2010,7,"MN",23,0,0,1.0705,0.31
2010,7,"MO",5,0,0,0.0109,0
2010,7,"MT",2,1,2,32.8,0
2010,7,"NC",4,0,0,0.78,0
2010,7,"ND",13,0,0,3.03,0.65
2010,7,"NE",5,0,0,0,0
2010,7,"NY",5,7,0,15.15,0
2010,7,"OK",1,0,0,0,0
2010,7,"PA",6,0,0,0.805,0
2010,7,"SC",4,0,0,0.169,0
2010,7,"SD",10,0,0,0,0
2010,7,"TN",1,0,0,0.2,0
2010,7,"TX",3,0,0,1.505,0
2010,7,"UT",1,0,0,0.025,0
2010,7,"WI",24,3,0,0.686,0.108
2010,7,"WY",3,0,0,0,0
2010,8,"AZ",1,0,0,0,0
2010,8,"CO",6,0,0,0.05,0
2010,8,"FL",5,0,0,0.0635,0
2010,8,"IA",1,0,0,0,0
2010,8,"MD",1,0,0,0.015,0
2010,8,"MI",2,0,0,0.8,0
2010,8,"MN",17,1,0,1.565,0.024
2010,8,"ND",11,1,1,1.25,0.25
2010,8,"NY",2,0,0,0,0
2010,8,"PA",1,0,0,0.025,0
2010,8,"SC",1,0,0,0.006,0
2010,8,"SD",1,0,0,0,0
2010,8,"TX",1,0,0,0,0
2010,8,"VT",1,0,0,0.025,0
2010,8,"WI",3,1,0,0.45,0
2010,8,"WY",3,0,0,0.071,0
2010,9,"AR",1,0,0,0,0
2010,9,"GA",1,0,0,0.015,0
2010,9,"KS",12,0,0,0,0
2010,9,"MD",1,0,0,0.015,0
2010,9,"MO",1,0,0,0,0
2010,9,"MT",1,0,0,0,0
2010,9,"NC",2,0,0,0.4,0
2010,9,"ND",1,0,0,0.03,0
2010,9,"NE",1,0,0,0,0
2010,9,"NJ",1,0,0,0.025,0
2010,9,"NY",2,1,1,0,0
2010,9,"OH",13,30,1,41.254,0.004
2010,9,"OK",3,1,0,0.02,0
2010,9,"PA",2,1,0,0.04,0
2010,9,"SD",2,0,0,0,0
2010,9,"TX",11,1,0,1.1,0
2010,9,"VA",1,1,0,0.02,0
2010,9,"WI",1,0,0,0.001,0
2010,9,"WV",2,10,1,1.075,0
2010,10,"AL",13,0,0,2.2,0
2010,10,"AR",1,0,0,0.01,0
2010,10,"AZ",10,7,0,1.61,0
2010,10,"GA",3,0,0,0.715,0
2010,10,"ID",2,0,0,0.025,0
2010,10,"IL",5,2,0,0.712,0
2010,10,"IN",13,0,0,0.805,0
2010,10,"KY",8,0,0,0.421,0
2010,10,"MI",1,0,0,0,0
2010,10,"NC",14,11,0,9.185,0.01
2010,10,"NM",2,0,0,0,0
2010,10,"OH",11,0,0,0.62,0
2010,10,"OR",1,0,0,0,0
2010,10,"SC",3,0,0,0,0
2010,10,"TN",6,6,0,0.485,0
2010,10,"TX",8,4,0,1.516,0
2010,10,"UT",1,0,0,0,0
2010,10,"VA",5,1,0,1.635,0
2010,10,"WA",1,0,0,0.001,0
2010,10,"WI",2,2,0,1.1,0
2010,11,"AL",6,0,0,0.304,0
2010,11,"GA",2,0,0,5.2555,0
2010,11,"IL",3,6,0,6,0
2010,11,"LA",13,1,0,1.482,0
2010,11,"MD",1,3,0,0.25,0
2010,11,"MO",4,0,0,0.175,0
2010,11,"MS",18,32,0,6.046,0.56
2010,11,"NY",1,0,0,0.004,0
2010,11,"PA",1,0,0,0.075,0
2010,11,"SC",2,0,0,1.55,0
2010,11,"TN",1,0,0,0.1,0
2010,11,"WI",3,2,0,3.002,0
2010,12,"AR",4,10,4,1.89,0
2010,12,"IL",4,1,0,12,0
2010,12,"LA",1,0,0,0.02,0
2010,12,"MD",1,0,0,0.01,0
2010,12,"MO",20,18,5,96.11,0
2010,12,"MS",4,0,0,3.062,0
2010,12,"OK",2,10,4,1.995,0
2010,12,"OR",1,2,0,1.2,0
2011,1,"FL",8,0,0,0.125,0
2011,1,"MS",7,3,0,8.495,2
2011,1,"TX",1,0,0,5.01,0
2011,2,"AL",8,0,0,0.445,0
2011,2,"AR",3,0,0,0.64,0
2011,2,"CA",1,0,0,0.018,0
2011,2,"HI",1,0,0,0,0
2011,2,"IL",10,1,0,0,0
2011,2,"IN",7,1,0,1.517,0
2011,2,"KS",2,0,0,0,0
2011,2,"KY",7,1,0,1.387,0
2011,2,"LA",2,0,0,0.751,0
2011,2,"MO",12,0,0,0,0
2011,2,"MS",1,0,0,1,0
2011,2,"OH",1,0,0,0.1,0
2011,2,"OK",2,0,0,0,0
2011,2,"SC",2,0,0,0.12,0
2011,2,"TN",7,6,1,8.885,0
2011,2,"TX",1,0,0,0.06,0
2011,3,"AL",4,4,0,0.018,0
2011,3,"CA",3,0,0,0.12,0
2011,3,"FL",13,0,0,5.131,0.1
2011,3,"GA",8,0,0,0.644,0
2011,3,"IA",8,2,0,1.15,0
2011,3,"ID",1,0,0,0,0
2011,3,"LA",17,15,1,16.01,0.01
2011,3,"MS",6,0,0,0.83,0
2011,3,"NC",3,1,0,0.102,0.01
2011,3,"NE",1,0,0,1.1,0
2011,3,"PA",1,0,0,4,0
2011,3,"SC",1,0,0,0,0
2011,3,"TN",4,2,0,3.075,0
2011,3,"TX",3,0,0,0.42,0
2011,3,"VA",2,0,0,0.03,0
2011,4,"AL",120,2384,379,6325.889,3
2011,4,"AR",61,66,7,280.029,0.05
2011,4,"CA",1,0,0,0.026,0
2011,4,"FL",2,0,0,0.5,0
2011,4,"GA",24,476,36,235.96,0
2011,4,"IA",20,14,0,19.576,0
2011,4,"IL",30,6,0,8.6,0
2011,4,"IN",33,0,0,0.952,0
2011,4,"KS",6,0,0,0.045,0
2011,4,"KY",42,12,0,7.883,0
2011,4,"LA",26,6,0,22.927,0.8
2011,4,"MD",17,0,0,0.434,0
2011,4,"MI",1,0,0,1,0
2011,4,"MO",18,10,0,60.69,0
2011,4,"MS",77,361,66,637.963,16.705
2011,4,"NC",48,452,24,390.124,2
2011,4,"NV",1,0,0,0,0
2011,4,"NY",9,0,0,1.705,0
2011,4,"OH",17,0,0,1.13,0
2011,4,"OK",50,46,2,0.439,0
2011,4,"OR",1,0,0,0.001,0
2011,4,"PA",8,2,0,0.171,0
2011,4,"SC",11,3,0,0.75,0.012
2011,4,"TN",86,426,31,86.734,0.255
2011,4,"TX",57,5,0,11.929,0
2011,4,"VA",35,99,6,30.561,0.5
2011,4,"WI",15,2,0,25.089,0
2011,4,"WV",1,0,0,0.006,0.015
2011,5,"AL",7,0,0,0,0
2011,5,"AR",12,31,5,22.376,0
2011,5,"CA",3,0,0,0.47,0.4
2011,5,"CO",7,0,0,0.02,0
2011,5,"IA",15,6,0,17.045,0
2011,5,"IL",23,0,0,6.978,0
2011,5,"IN",25,1,0,1.996,0
2011,5,"KS",31,7,3,2.69,0
2011,5,"KY",3,1,0,0.41,0
2011,5,"LA",6,4,0,0.911,0
2011,5,"MD",3,0,0,0.321,0
2011,5,"MI",5,0,0,0.225,0
2011,5,"MN",13,48,1,184.05,0
2011,5,"MO",36,1174,158,2808.387,0
2011,5,"MS",1,0,0,0.02,0
2011,5,"MT",1,0,0,0.075,0
2011,5,"ND",7,0,0,2.15,0
2011,5,"NE",13,0,0,0.275,0
2011,5,"OH",17,0,0,0.963,0.003
2011,5,"OK",48,360,11,5.728,0
2011,5,"PA",17,3,0,0.909,0
2011,5,"SC",1,0,0,0,0
2011,5,"SD",7,0,0,0.06,0
2011,5,"TN",3,5,0,0.95,0.024
2011,5,"TX",20,0,0,1.066,0
2011,5,"VA",1,0,0,0.03,0
2011,5,"WA",1,0,0,0.01,0
2011,5,"WI",11,1,0,22.266,0
2011,6,"AR",2,0,0,0.12,0
2011,6,"CA",1,0,0,0,0.05
2011,6,"CO",5,0,0,0,0
2011,6,"CT",1,0,0,0,0
2011,6,"IA",8,0,0,0.545,0.028
2011,6,"ID",1,0,0,0.007,0
2011,6,"IL",8,1,0,1.245,0
2011,6,"IN",4,0,0,0.08,0
2011,6,"KS",24,0,0,17.782,0
2011,6,"KY",6,0,0,0.855,0
2011,6,"MA",4,200,3,227.6,0
2011,6,"MD",2,0,0,0.03,0
2011,6,"ME",5,0,0,0,0
2011,6,"MI",1,0,0,0.02,0
2011,6,"MN",1,0,0,0.5,0
2011,6,"MO",12,3,0,0.185,0
2011,6,"MS",1,1,0,0.035,0
2011,6,"MT",5,0,0,0.3,0
2011,6,"ND",9,0,0,0.21,0.055
2011,6,"NE",25,1,0,18.295,4.75
2011,6,"OH",3,0,0,0.093,0
2011,6,"OK",7,0,0,0.12,0
2011,6,"PA",2,0,0,0.02,0
2011,6,"SD",5,0,0,0.02,0
2011,6,"TN",3,0,0,0.095,0
2011,6,"TX",6,1,0,0.52,0
2011,6,"WI",6,0,0,0.152,0
2011,6,"WY",3,0,0,0,0
2011,7,"AZ",1,0,0,0,0
2011,7,"CO",7,0,0,0.02,0
2011,7,"FL",1,0,0,0.02,0
2011,7,"IA",1,0,0,0,0.01
2011,7,"IL",2,0,0,0,0
2011,7,"IN",1,0,0,0,0
2011,7,"KS",1,0,0,0,0
2011,7,"MI",1,0,0,0,0
2011,7,"MN",18,0,0,2.03,0.14
2011,7,"MT",1,0,0,0,0
2011,7,"ND",43,1,0,3.465,3.285
2011,7,"NE",3,0,0,0,0
2011,7,"NH",1,0,0,0,0
2011,7,"NM",1,0,0,0,0
2011,7,"NY",5,0,0,0.075,0
2011,7,"PA",2,0,0,0.075,0
2011,7,"SD",5,0,0,0.005,0
2011,7,"TX",1,0,0,0,0
2011,7,"VT",2,0,0,0.02,0
2011,7,"WI",2,0,0,0,0
2011,7,"WY",4,0,0,0,0
2011,8,"CO",2,0,0,0,0
2011,8,"DE",1,0,0,0,0
2011,8,"FL",2,0,0,0.205,0
2011,8,"MD",2,0,0,0.005,0
2011,8,"MI",6,0,0,0.603,0.001
2011,8,"MT",1,0,0,0,0
2011,8,"NC",6,0,0,1.078,0
2011,8,"NE",13,0,0,0.031,0
2011,8,"NH",1,0,0,0,0
2011,8,"NJ",2,0,0,0.125,0
2011,8,"NM",1,0,0,0,0
2011,8,"NY",3,0,0,0.25,0
2011,8,"OH",1,0,0,0.3,0
2011,8,"OK",1,2,1,0,0
2011,8,"PR",1,0,0,0.08,0
2011,8,"SD",2,0,0,0,0
2011,8,"TX",4,0,0,0.031,0
2011,8,"UT",1,0,0,0,0
2011,8,"VA",2,0,0,0.175,0
2011,8,"WI",8,2,2,1.695,0.091
2011,9,"AL",5,0,0,0.287,0
2011,9,"AR",1,0,0,0.015,0
2011,9,"AZ",2,0,0,0,0
2011,9,"FL",6,0,0,0.726,0
2011,9,"GA",1,1,0,20,0
2011,9,"IN",2,0,0,0.075,0.002
2011,9,"KY",2,0,0,0.12,0
2011,9,"LA",2,0,0,0.01,0
2011,9,"MD",3,0,0,0.045,0
2011,9,"MI",1,0,0,0.003,0
2011,9,"MO",1,0,0,0,0
2011,9,"MS",11,1,0,2.95,0
2011,9,"MT",1,0,0,0,0
2011,9,"NC",6,1,0,0.935,0
2011,9,"NY",2,0,0,0,0
2011,9,"OK",3,0,0,0,0
2011,9,"SC",1,0,0,0,0
2011,9,"TX",1,0,0,0.02,0
2011,9,"VA",2,2,0,0.31,0
2011,10,"AR",1,0,0,0,0
2011,10,"FL",8,0,0,4.501,0
2011,10,"KS",4,0,0,0.208,0
2011,10,"TX",2,1,0,1.025,0
2011,10,"VA",7,0,0,1.25,0
2011,10,"WA",1,0,0,0,0
2011,11,"AL",6,7,0,15.015,0
2011,11,"AR",1,0,0,0.001,0
2011,11,"GA",4,2,0,5.228,0
2011,11,"IN",1,0,0,0.1,0
2011,11,"LA",7,0,0,0.38,0
2011,11,"MS",3,15,0,1.01,0
2011,11,"NC",3,15,2,20.515,0.002
2011,11,"NY",2,0,0,0.75,0
2011,11,"OK",11,0,0,0.025,0
2011,11,"SC",4,5,3,2.04,0
2011,11,"TX",8,0,0,0.16,0
2011,11,"VA",1,0,0,0.5,0
2011,12,"AL",7,0,0,0.268,0
2011,12,"GA",6,7,0,3.177,0
2011,12,"LA",2,0,0,0.52,0
2012,1,"AL",13,76,2,0.007,0
2012,1,"AR",7,0,0,6.8,0
2012,1,"FL",1,0,0,0.03,0
2012,1,"GA",3,0,0,0.335,0
2012,1,"IL",2,0,0,0.28,0
2012,1,"IN",5,0,0,0.094,0
2012,1,"KY",6,1,0,0.64,0
2012,1,"LA",10,0,0,0.475,0
2012,1,"MS",5,3,0,1.02,0
2012,1,"NC",3,18,0,13.4,0
2012,1,"TN",2,0,0,0.3,0
2012,1,"TX",22,1,0,1.125,0.035
2012,2,"GA",2,0,0,1.62,0
2012,2,"IL",5,113,8,2.65,0
2012,2,"IN",1,0,0,0.25,0
2012,2,"KS",8,12,1,0.08,0
2012,2,"KY",13,9,0,1.31,0
2012,2,"LA",3,0,0,0.142,0
2012,2,"MO",14,71,3,24.645,0
2012,2,"MS",1,0,0,0.025,0
2012,2,"NE",2,0,0,0.06,0
2012,2,"SC",3,0,0,0.435,0
2012,2,"TN",4,7,3,1.735,0
2012,2,"TX",3,0,0,0.9,0
2012,2,"VA",2,0,0,0.07,0
2012,3,"AL",17,4,1,0.095,0
2012,3,"AR",2,0,0,0.007,0
2012,3,"CA",1,0,0,0,0
2012,3,"FL",3,0,0,0.008,0
2012,3,"GA",6,1,0,12.635,0.1
2012,3,"HI",1,0,0,0,0
2012,3,"IL",6,2,1,0.24,0
2012,3,"IN",7,5,25,118.075,0
2012,3,"KS",4,0,0,0.05,0
2012,3,"KY",26,375,37,276.284,0
2012,3,"LA",16,1,0,6.685,0
2012,3,"MI",4,0,0,12.625,0
2012,3,"MN",1,0,0,0.35,0
2012,3,"MO",2,0,0,0.01,0
2012,3,"MS",13,0,0,1.23,0
2012,3,"NC",5,4,0,5.05,0
2012,3,"NE",6,5,0,1.8,0
2012,3,"OH",9,15,4,8.69,0.035
2012,3,"OK",5,0,0,0,0
2012,3,"SC",1,0,0,0.03,0
2012,3,"TN",17,71,0,44.501,0.262
2012,3,"TX",9,7,0,1.01,0
2012,3,"VA",2,1,0,1.75,0
2012,3,"WV",3,0,0,2.34,0
2012,4,"AR",1,0,0,0.03,0
2012,4,"CA",1,0,0,0.01,0
2012,4,"CO",6,8,0,1.105,0
2012,4,"FL",2,0,0,0.01,0
2012,4,"IA",9,6,0,5.325,0
2012,4,"KS",52,38,0,500.28,0
2012,4,"LA",1,0,0,0.005,0
2012,4,"MN",10,0,0,0.575,0
2012,4,"MO",5,0,0,0.005,0
2012,4,"NE",24,0,0,0.539,0
2012,4,"NV",1,0,0,0,0
2012,4,"OK",55,29,6,0.155,0
2012,4,"SD",1,0,0,0,0
2012,4,"TN",2,7,0,0.475,0
2012,4,"TX",36,29,0,718.983,0.058
2012,5,"AL",1,0,0,0,0
2012,5,"AZ",1,0,0,0,0
2012,5,"FL",4,0,0,0.021,0
2012,5,"IA",7,0,0,1.035,0.005
2012,5,"IL",6,0,0,0.123,0
2012,5,"IN",4,0,0,0.301,5e-04
2012,5,"KS",27,0,0,0,0
2012,5,"KY",1,0,0,0.025,0
2012,5,"LA",2,0,0,0.12,0
2012,5,"MN",12,0,0,0.35,0
2012,5,"MO",2,0,0,0,0
2012,5,"NC",2,0,0,0.7,0
2012,5,"ND",2,0,0,0,0
2012,5,"NE",6,0,0,0.3,0
2012,5,"NM",1,0,0,0.001,0
2012,5,"OH",2,0,0,0.015,0
2012,5,"OK",3,1,0,0.255,0
2012,5,"PA",1,0,0,0.075,0
2012,5,"SC",2,0,0,0.03,0.002
2012,5,"TX",31,10,0,1.247,0
2012,5,"VT",1,0,0,0.01,0
2012,5,"WI",2,0,0,0,0
2012,5,"WY",1,0,0,0,0
2012,6,"AL",1,0,0,0.1,0
2012,6,"AR",1,0,0,0,0
2012,6,"CO",20,0,0,0.05,0
2012,6,"FL",26,1,1,1.744,0
2012,6,"KS",1,0,0,0,0
2012,6,"LA",1,0,0,0,0
2012,6,"MD",13,2,0,0.877,0
2012,6,"MI",2,0,0,0.07,0
2012,6,"MN",6,0,0,0.255,0
2012,6,"MO",1,0,3,0.1,0
2012,6,"MT",3,0,0,0,0
2012,6,"NC",1,0,0,0,0
2012,6,"ND",5,0,0,0,0
2012,6,"NE",1,0,0,0,0
2012,6,"NH",1,0,0,0,0
2012,6,"NM",2,0,0,0,0
2012,6,"PA",3,0,0,3.05,0
2012,6,"SC",3,0,0,0.422,0
2012,6,"SD",8,0,0,0.501,0
2012,6,"TX",3,0,0,0.056,0.005
2012,6,"VA",6,5,0,1.208,0
2012,6,"WY",3,1,0,0,0
2012,7,"CO",2,0,0,0,0
2012,7,"FL",3,0,0,0.09,0
2012,7,"GA",1,0,0,0,0
2012,7,"IL",1,0,0,0,0
2012,7,"KS",1,0,0,0,0
2012,7,"LA",3,1,0,0.116,0
2012,7,"MA",1,0,0,0.003,0
2012,7,"MD",1,0,0,0.01,0
2012,7,"ME",1,0,0,0,0
2012,7,"MN",1,0,0,0,0
2012,7,"NC",3,0,0,0,0
2012,7,"ND",2,0,0,0,0
2012,7,"NE",2,0,0,0,0
2012,7,"NH",1,0,0,0,0
2012,7,"NM",2,0,0,0,0
2012,7,"NV",1,0,0,0,0
2012,7,"NY",6,0,0,10.348,0
2012,7,"PA",4,0,0,0.075,0
2012,7,"VA",1,0,0,0.015,0
2012,8,"AL",2,0,0,0.03,0
2012,8,"CA",1,0,0,0,0
2012,8,"CO",1,0,0,0,0
2012,8,"FL",5,0,0,0.527,0
2012,8,"IL",4,1,0,0.23,0
2012,8,"IN",1,0,0,0,0
2012,8,"MD",1,0,0,0,0
2012,8,"MN",2,0,0,0.062,0
2012,8,"MO",1,0,0,0,0
2012,8,"MS",7,3,0,0.34,0
2012,8,"NC",2,0,0,0.35,0
2012,8,"NE",1,0,0,0,0
2012,8,"NY",1,0,0,0.1,0
2012,8,"OH",1,0,0,0.15,0
2012,8,"PA",1,0,0,0.01,0.0015
2012,8,"RI",1,0,0,0.05,0
2012,8,"SC",1,0,0,0,0
2012,8,"SD",2,0,0,0,0
2012,8,"TX",1,0,0,0,0
2012,8,"UT",1,0,0,0,0
2012,8,"WI",1,0,0,0,0
2012,9,"AL",1,0,0,0.01,0
2012,9,"AR",2,0,0,5,0.01
2012,9,"CA",1,0,0,0,0
2012,9,"CO",4,0,0,0.005,0
2012,9,"DE",1,0,0,0.1,0
2012,9,"ID",2,0,0,0,0
2012,9,"IL",8,1,0,0.001,0.004
2012,9,"IN",1,0,0,0,0
2012,9,"KS",1,0,0,0,0
2012,9,"MO",3,0,0,0.1,0
2012,9,"MS",2,0,0,0.09,0
2012,9,"NC",2,0,0,0.02,0
2012,9,"NE",1,0,0,0,0
2012,9,"NJ",1,0,0,0.025,0
2012,9,"NY",1,0,0,0.27,0
2012,9,"OH",1,0,0,0.04,0
2012,9,"PA",2,0,0,0.125,0
2012,9,"PR",1,0,0,0.03,0
2012,9,"TN",1,0,0,0.05,0
2012,9,"TX",2,0,0,0.105,0
2012,9,"WI",1,0,0,0.42,0.008
2012,10,"AL",2,0,0,0,0
2012,10,"AR",3,2,0,0.4,0
2012,10,"CA",5,0,0,0,0
2012,10,"KY",1,1,0,0.35,0
2012,10,"MD",1,0,0,0,0
2012,10,"MO",1,0,0,0.025,0
2012,10,"MS",11,5,0,3.685,0
2012,10,"NC",4,0,0,0.0205,5e-04
2012,10,"NM",1,0,0,0.05,0
2012,10,"OK",1,2,0,0,0
2012,10,"PA",1,15,0,6,0
2012,10,"TN",3,0,0,0.045,0
2012,10,"TX",3,0,0,0.005,0
2012,11,"CA",2,0,0,0,0
2012,11,"LA",1,0,0,0,0
2012,11,"MN",4,0,0,0.5,0
2012,12,"AL",19,2,0,1.357,0
2012,12,"AR",2,1,0,0.575,0
2012,12,"CA",1,0,0,0.04,0.5
2012,12,"FL",4,2,0,1.701,0
2012,12,"GA",3,0,0,0.005,0
2012,12,"LA",8,1,0,4.511,0
2012,12,"MO",1,0,0,0.1,0
2012,12,"MS",10,32,0,5.714,0
2012,12,"NC",1,0,0,0.01,0
2012,12,"TX",5,0,0,0.7,0.03
2013,1,"AL",5,0,0,0.05,0
2013,1,"AR",5,0,0,0.8,0
2013,1,"GA",4,17,1,75.201,0
2013,1,"IL",2,2,0,0.2,0
2013,1,"IN",3,0,0,0.18,0
2013,1,"KY",12,2,0,1.41,0
2013,1,"LA",7,2,0,0.825,0
2013,1,"MO",8,0,0,0.815,0
2013,1,"MS",6,0,0,0.42,0
2013,1,"OK",3,0,0,0.22,0
2013,1,"TN",25,3,0,6.894,1.75
2013,1,"TX",1,0,0,0.005,0
2013,2,"AL",2,0,0,0.07,0
2013,2,"AR",1,0,0,0,0
2013,2,"CA",2,0,0,0.02,0
2013,2,"FL",3,0,0,0.036,0
2013,2,"LA",7,0,0,0.23,0
2013,2,"MS",7,74,0,39.315,0
2013,2,"NC",1,0,0,0.045,0
2013,2,"TX",16,3,1,0.495,0
2013,3,"AL",4,10,0,0,0
2013,3,"GA",3,0,0,0.655,0
2013,3,"KY",1,0,0,0.1,0
2013,3,"NE",3,0,0,0,0
2013,3,"OK",2,0,0,0.13,0
2013,3,"TN",4,0,0,0.475,0
2013,3,"WA",1,0,0,0.01,0
2013,4,"AL",10,2,0,1.5,0
2013,4,"AR",6,5,0,4.57,0
2013,4,"CA",1,0,0,0,0
2013,4,"CO",4,0,0,0,0
2013,4,"FL",5,0,0,0.05,0
2013,4,"GA",7,1,0,0.9645,0
2013,4,"IL",1,0,0,0.015,0
2013,4,"KS",1,0,0,0,0
2013,4,"KY",3,0,0,0.056,0
2013,4,"LA",7,2,0,0.42,0
2013,4,"MD",1,0,0,0.025,0.005
2013,4,"MO",8,2,0,4.06,0
2013,4,"MS",7,18,2,2.55,0
2013,4,"NE",1,0,0,0.25,0
2013,4,"NY",1,0,0,0.1,0
2013,4,"OK",12,2,0,2.4,0
2013,4,"SC",1,0,0,0.01,0
2013,4,"TN",3,1,0,0.1,0
2013,4,"TX",8,0,0,0.01,0
2013,4,"VA",1,0,0,0.04,0.002
2013,5,"AL",2,0,0,0.15,0
2013,5,"AR",17,13,1,1.99,0
2013,5,"CO",5,0,0,0,0
2013,5,"FL",2,0,0,0.5,0
2013,5,"IA",9,0,0,0.309,0
2013,5,"ID",3,0,0,0,0
2013,5,"IL",12,3,0,0.735,0
2013,5,"IN",5,0,0,0.0585,0
2013,5,"KS",45,1,0,2.02,3.5
2013,5,"LA",4,1,0,0.285,0
2013,5,"MA",1,0,0,0.02,0
2013,5,"MI",6,0,0,0.865,0
2013,5,"MN",2,0,0,0,0
2013,5,"MO",21,8,0,60.775,0
2013,5,"ND",2,0,0,0,0
2013,5,"NE",23,0,0,6.24,0
2013,5,"NY",3,1,0,0,0
2013,5,"OK",66,268,34,2006.103,0
2013,5,"OR",1,0,0,0,0
2013,5,"PA",4,7,0,0.387,0
2013,5,"SD",2,1,0,0.1,0
2013,5,"TN",1,0,0,0.18,0
2013,5,"TX",41,64,6,268.995,0.208
2013,5,"WI",1,0,0,0,0
2013,5,"WY",1,0,0,0,0
2013,6,"AR",1,0,0,0.075,0
2013,6,"CO",8,0,0,0,0
2013,6,"DE",1,0,0,0,0
2013,6,"FL",12,1,0,0.118,0
2013,6,"GA",2,2,0,0.4225,0
2013,6,"IA",9,0,1,1.48,0.028
2013,6,"IL",8,1,0,0.129,0
2013,6,"IN",2,0,0,0.22,0
2013,6,"KS",3,0,0,0.018,0
2013,6,"KY",3,4,0,1.012,0.036
2013,6,"LA",1,0,0,0.01,0
2013,6,"MD",6,0,0,0.0125,0.024
2013,6,"ME",1,0,0,0,0
2013,6,"MN",4,0,0,0.1,0
2013,6,"MT",1,0,0,0,0
2013,6,"NC",4,1,0,0.1605,0
2013,6,"ND",6,0,0,0.005,0
2013,6,"NE",9,0,0,0.1,0.25
2013,6,"OH",10,0,0,0.69,0.005
2013,6,"OR",2,0,0,0.001,0.1
2013,6,"PA",2,0,0,0.0025,0
2013,6,"SC",6,0,0,0.545,0
2013,6,"SD",7,0,0,0,0
2013,6,"TN",4,0,0,0.1,0
2013,6,"TX",3,0,0,0.075,0
2013,6,"VA",4,0,0,0.01,0.0195
2013,6,"WI",1,0,0,0,0
2013,6,"WY",4,0,0,0,0
2013,7,"AZ",1,0,0,0,0
2013,7,"CO",2,0,0,0,0
2013,7,"CT",4,0,0,5.075,0
2013,7,"FL",9,4,0,0.0495,0
2013,7,"ID",1,0,0,0,0
2013,7,"IL",2,0,0,0,0
2013,7,"IN",1,2,0,0,0
2013,7,"KS",4,0,0,0.1,0
2013,7,"KY",1,0,0,0.005,0
2013,7,"LA",1,0,0,0,0
2013,7,"MD",2,0,0,0.0035,0.0025
2013,7,"ME",2,0,0,0,0
2013,7,"MN",2,0,0,1.9,0.6
2013,7,"MO",2,0,0,0.1008,0
2013,7,"MT",3,0,0,0.5,0
2013,7,"NC",1,0,0,0.1,0
2013,7,"ND",4,0,0,0.095,0
2013,7,"NE",4,0,0,0,0
2013,7,"NJ",1,0,0,0.02,0
2013,7,"NY",2,0,0,0.135,0
2013,7,"OH",9,0,0,1.105,0
2013,7,"OK",2,0,0,0.18,0
2013,7,"PA",2,0,0,0.13,0
2013,7,"SC",2,9,0,0.088,0
2013,7,"SD",1,0,0,0,0
2013,7,"WI",6,0,0,0.052,0.01
2013,7,"WY",1,0,0,0,0
2013,8,"CA",1,0,0,0,0
2013,8,"CO",7,0,0,0.005,0.005
2013,8,"FL",1,0,0,0.5,0
2013,8,"GA",1,0,0,0.009,0
2013,8,"KS",2,0,0,0,0
2013,8,"MD",1,0,0,0,0.002
2013,8,"MI",2,0,0,0.015,0
2013,8,"MN",5,0,0,0,0
2013,8,"MT",1,0,0,0,0
2013,8,"ND",4,0,0,0,0
2013,8,"NJ",1,0,0,0.25,0
2013,8,"OH",1,0,0,0.05,0
2013,8,"OK",1,0,0,0,0
2013,8,"PA",1,0,0,0.002,0
2013,8,"SD",2,0,0,0.025,0
2013,8,"TX",6,0,0,0.25,0
2013,8,"WI",7,2,0,19.4,0
2013,8,"WY",1,0,0,0,0
2013,9,"FL",1,0,0,0.001,0
2013,9,"ID",2,0,0,0,0
2013,9,"IL",1,0,0,0,0
2013,9,"MA",1,0,0,0,0
2013,9,"ME",1,0,0,0,0
2013,9,"MN",1,0,0,0,0
2013,9,"MS",6,0,0,0.272,0
2013,9,"NC",2,0,0,0.095,0
2013,9,"NM",2,0,0,0,0
2013,9,"OH",1,0,0,0.005,0
2013,9,"UT",1,0,0,0.01,0
2013,9,"WA",1,0,0,0.025,0
2013,9,"WY",1,0,0,0,0
2013,10,"AR",1,0,0,0.5,0
2013,10,"FL",1,0,0,0,0
2013,10,"IA",11,0,0,3.63,0
2013,10,"IL",4,0,0,0.26,0
2013,10,"KY",7,0,0,0.418,0
2013,10,"LA",7,0,0,0.444,0
2013,10,"MN",1,0,0,0,0
2013,10,"MO",10,0,0,1.725,0
2013,10,"NE",12,19,0,1.15,0
2013,10,"NJ",1,0,0,0.03,0
2013,10,"OH",3,8,0,2.37,0
2013,10,"PR",1,0,0,0.01,0
2013,10,"SD",3,0,0,0.65,0
2013,10,"TN",1,0,0,0,0
2013,10,"TX",6,0,0,0.25,0
2013,10,"WI",1,0,0,0.05,0.005
2013,11,"FL",2,0,0,0.2,0
2013,11,"IL",25,183,8,1077.463,0
2013,11,"IN",30,8,0,2.95,0
2013,11,"KY",8,37,3,9.52,0
2013,11,"MI",3,0,0,0.111,0
2013,11,"MO",2,0,0,1.001,0
2013,11,"MT",1,0,0,0,0
2013,11,"NC",2,2,0,6.5,0
2013,11,"OH",6,0,0,2.9,0
2013,11,"TN",3,0,0,0.4,0.01
2013,12,"AR",4,7,1,1.3,0
2013,12,"FL",1,0,0,5,0
2013,12,"KY",4,0,0,0.452,0
2013,12,"LA",1,0,0,0.001,0
2013,12,"MS",7,3,1,1.775,0
2013,12,"TX",3,0,0,0.135,0
2014,1,"GA",1,0,0,0.003,0
2014,1,"VA",3,0,0,0.14,0
2014,2,"AL",6,2,0,0,0
2014,2,"CA",1,0,0,0,0
2014,2,"GA",2,0,0,0.64,0
2014,2,"IL",11,2,0,1.71,0
2014,2,"IN",3,0,0,0.187,0
2014,2,"KY",2,0,0,0.038,0
2014,2,"LA",1,0,0,0.05,0
2014,2,"MD",1,0,0,0,0.01
2014,2,"MO",2,5,0,0.085,0
2014,2,"MS",4,0,0,0.43,0
2014,2,"NC",3,0,0,0.045,0
2014,2,"OH",2,0,0,0.25,0
2014,2,"TN",4,0,0,0.2,0
2014,3,"AZ",1,0,0,0.05,0
2014,3,"CA",7,0,0,0,0
2014,3,"FL",4,0,0,0,0
2014,3,"IA",1,0,0,0.05,0
2014,3,"LA",1,0,0,0.1,0
2014,3,"MN",1,0,0,0.045,0
2014,3,"MO",3,0,0,0,0
2014,3,"NC",2,0,0,0.013,0
2014,4,"AL",29,70,2,0.27,0
2014,4,"AR",6,194,16,225.28,0
2014,4,"FL",3,0,0,0.203,0
2014,4,"GA",5,3,0,0.361,0
2014,4,"IA",3,0,2,0.025,0
2014,4,"IL",6,0,0,0.117,0
2014,4,"KS",7,25,0,10.5,0
2014,4,"KY",2,0,0,0.032,0
2014,4,"LA",3,0,0,1.027,0
2014,4,"MO",8,0,0,0.087,0
2014,4,"MS",27,158,11,170.134,10.19
2014,4,"NC",19,24,1,21.66,0
2014,4,"NE",3,0,0,0,0
2014,4,"OK",5,49,2,16,0
2014,4,"TN",7,2,2,0.675,0
2014,4,"TX",6,7,0,2.145,0
2014,4,"WA",1,0,0,0.005,0
2014,5,"AL",4,0,0,0.085,0
2014,5,"AR",1,0,0,0.25,0
2014,5,"CO",13,0,0,0,0
2014,5,"DE",1,2,0,0.15,0
2014,5,"FL",4,0,0,0.05,0
2014,5,"GA",2,0,0,0.1,0
2014,5,"IA",8,0,0,4.83,0
2014,5,"ID",2,0,0,0.001,0
2014,5,"IL",2,0,0,0,0
2014,5,"KS",10,0,0,0,0
2014,5,"KY",2,0,0,0.115,0
2014,5,"LA",1,0,0,0,0
2014,5,"ME",1,0,0,0,0
2014,5,"MN",2,0,0,0.001,0
2014,5,"MO",5,0,0,0.035,0
2014,5,"MT",3,0,0,0,0
2014,5,"NC",2,0,0,0.26,0
2014,5,"ND",1,9,0,2.5,0
2014,5,"NE",22,1,0,29.11,0
2014,5,"NM",1,0,0,0,0
2014,5,"NV",3,0,0,0.002,0
2014,5,"NY",1,0,0,0,0
2014,5,"OH",3,0,0,0.6,0
2014,5,"OK",4,0,0,0.005,0
2014,5,"PA",1,0,0,0.005,0
2014,5,"SC",1,0,0,0,0
2014,5,"SD",4,0,0,0.02,0
2014,5,"TX",15,0,0,1.9855,0
2014,5,"VA",4,0,0,0.055,0.005
2014,5,"WY",7,0,0,0.012,0
2014,6,"AL",3,0,0,0,0
2014,6,"AR",2,2,0,0.29,0
2014,6,"CO",30,2,0,0.008,0
2014,6,"FL",1,0,0,0.001,0
2014,6,"GA",2,0,0,0.2,0
2014,6,"IA",31,0,0,1.851,0.165
2014,6,"IL",18,0,0,2.159,0.002
2014,6,"IN",23,0,0,2.252,0
2014,6,"KS",16,2,0,0.11,0
2014,6,"KY",5,0,0,0.354,0
2014,6,"LA",1,0,0,0.01,0
2014,6,"MI",2,0,0,0.39,0
2014,6,"MN",12,0,0,0.01,0
2014,6,"MO",12,0,0,0.01,0
2014,6,"MS",1,1,0,0.1,0
2014,6,"MT",3,0,0,0,0
2014,6,"ND",7,0,0,0,0
2014,6,"NE",35,20,2,23.371,2.75
2014,6,"NM",12,0,0,0.1,0
2014,6,"NY",1,0,0,0,0
2014,6,"OH",3,0,0,1.15,0
2014,6,"OK",5,0,0,0.05,0
2014,6,"PA",2,0,0,0.0275,0
2014,6,"SC",3,0,0,0.004,0
2014,6,"SD",19,3,0,5.71,0
2014,6,"TN",2,0,0,0.3,0
2014,6,"TX",15,1,0,0.32,0
2014,6,"WI",18,5,0,39.003,0.009
2014,6,"WV",2,0,0,0.05,0.01
2014,6,"WY",5,1,0,0.12,0
2014,7,"CO",4,0,0,0,0
2014,7,"CT",1,0,0,0.025,0
2014,7,"FL",4,0,0,0.775,0
2014,7,"IA",9,0,0,0.225,0.305
2014,7,"IL",4,0,0,0,0.01
2014,7,"KY",2,0,0,0.15,0
2014,7,"MA",2,2,0,4,0
2014,7,"ME",3,0,0,0,0
2014,7,"MI",5,6,0,4.904,0
2014,7,"MN",3,0,0,0.002,0
2014,7,"MS",1,0,0,0,0
2014,7,"MT",2,0,0,0,0
2014,7,"NC",3,0,0,0.201,0.015
2014,7,"ND",4,0,0,0,0
2014,7,"NE",1,0,0,0,0
2014,7,"NH",2,0,0,0,0
2014,7,"NV",1,0,0,0,0
2014,7,"NY",7,0,4,1.05,0
2014,7,"OH",5,0,0,0.418,0
2014,7,"PA",4,0,0,0.285,0
2014,7,"TN",3,0,0,0,0
2014,7,"TX",5,0,0,0.015,0
2014,7,"VA",4,15,0,0.53,0
2014,7,"WI",2,0,0,0,0
2014,7,"WV",5,0,0,0.17,0.005
2014,7,"WY",1,0,0,0,0
2014,8,"AZ",1,0,0,0,0
2014,8,"CO",2,0,0,0,0
2014,8,"FL",2,0,0,0,0
2014,8,"IA",3,0,0,0.202,0.011
2014,8,"ID",1,0,0,0,0
2014,8,"KS",5,0,0,0,0
2014,8,"KY",2,0,0,0.047,0.01
2014,8,"MA",1,0,0,0.1,0
2014,8,"MI",1,0,0,0.005,0
2014,8,"MN",2,0,0,0.002,0
2014,8,"NV",1,0,0,0,0
2014,8,"OH",2,0,0,0.001,0
2014,8,"PA",2,0,0,0.001,0
2014,8,"SD",5,0,0,0,0
2014,8,"WA",1,0,0,0,0
2014,8,"WI",2,0,0,0,0
2014,9,"AR",1,0,0,0.035,0
2014,9,"AZ",1,0,0,0.5,0
2014,9,"KS",2,0,0,0,0
2014,9,"LA",2,0,0,0.25,0
2014,9,"MI",5,0,0,0.88,0
2014,9,"MN",4,0,0,0.913,0.21
2014,9,"MO",11,0,0,0.06,0
2014,9,"NC",1,1,0,0.2,0
2014,9,"ND",2,0,0,0,0
2014,9,"NE",1,0,0,0.05,0.1
2014,9,"NM",1,0,0,0.1,0
2014,9,"NV",1,0,0,0,0
2014,9,"NY",2,0,0,0.11,0
2014,9,"OH",4,0,0,0.16,0
2014,9,"OK",1,0,0,0,0
2014,9,"SC",1,0,0,0.006,0.002
2014,9,"SD",1,0,0,0,0
2014,10,"AL",5,1,0,0,0
2014,10,"AR",10,4,1,0.945,0
2014,10,"FL",6,0,0,0.025,0
2014,10,"GA",7,0,0,0.585,0
2014,10,"IL",8,0,0,0.33,0.25
2014,10,"IN",2,0,0,0.032,0
2014,10,"KY",13,1,0,0.748,0
2014,10,"LA",3,0,0,4,0
2014,10,"MD",1,0,0,0,0
2014,10,"MO",6,0,0,0.333,0
2014,10,"NC",1,0,0,0.015,0.005
2014,10,"OK",1,0,0,0.05,0
2014,10,"SC",2,0,0,0.001,0
2014,10,"TN",2,0,0,0.25,0
2014,10,"TX",2,0,0,1,0
2014,10,"VA",1,0,0,0,0
2014,10,"WA",1,0,0,0.182,0
2014,10,"WV",2,2,0,0.45,0
2014,11,"AL",8,0,0,0.66,0
2014,11,"FL",4,2,0,2.07,0
2014,11,"GA",10,0,0,0.2545,0
2014,11,"LA",2,0,0,0.005,0.002
2014,11,"MS",1,0,0,0.045,0
2014,12,"CA",1,0,0,0,0
2014,12,"GA",3,9,0,0.75,0
2014,12,"KS",1,0,0,0,0
2014,12,"LA",1,0,0,0.4,0
2014,12,"MS",8,50,5,27.2505,0
2014,12,"NC",1,1,0,0.06,0
2014,12,"OH",1,0,0,0.015,0
2014,12,"OK",1,0,0,0,0
2014,12,"TX",3,0,0,0.125,0
2015,1,"AL",10,0,0,0.225,0
2015,1,"FL",2,0,0,0.03,0
2015,1,"GA",7,2,0,0.041,0
2015,1,"MS",8,0,0,0.67,0
2015,1,"WA",1,0,0,0,0
2015,2,"CA",1,0,0,0,0
2015,2,"FL",2,0,0,0.013,0
2015,3,"AR",3,0,0,0.275,0
2015,3,"MO",1,0,0,0.005,0
2015,3,"OK",7,37,1,52.301,0
2015,4,"AL",10,0,0,1.11,0
2015,4,"AR",2,0,0,0.55,0
2015,4,"CA",1,0,0,0.005,0
2015,4,"CO",5,0,0,0.025,0
2015,4,"FL",9,0,0,0.202,0
2015,4,"GA",7,0,0,0.21,0
2015,4,"HI",1,0,0,0,0
2015,4,"IA",3,0,0,0.03,0
2015,4,"IL",11,11,2,19.25,0
2015,4,"IN",4,0,0,0.547,0
2015,4,"KS",28,0,0,0.175,0
2015,4,"KY",5,0,0,0.245,0
2015,4,"LA",10,0,0,0.11,0
2015,4,"MI",1,0,0,0,0
2015,4,"MO",9,0,0,0.726,0
2015,4,"MS",10,0,0,0.453,0
2015,4,"OH",2,0,0,0.006,0
2015,4,"OK",5,1,0,0.275,0
2015,4,"OR",1,0,0,0.025,0
2015,4,"PA",1,0,0,0.005,0
2015,4,"SC",5,2,0,0.237,0
2015,4,"TN",1,0,0,0.02,0
2015,4,"TX",47,0,0,2.851,0
2015,5,"AR",5,8,2,1.84,0
2015,5,"CO",17,0,0,0.021,0
2015,5,"FL",1,4,0,0,0
2015,5,"GA",1,0,0,0.1,0
2015,5,"IA",11,0,0,1.11,0.014
2015,5,"IL",5,0,0,0.065,0
2015,5,"IN",1,0,0,0.049,0
2015,5,"KS",65,2,0,11.081,0
2015,5,"LA",4,2,0,0.6,0
2015,5,"MN",16,0,0,0.455,0
2015,5,"MO",14,0,0,0.815,0
2015,5,"MS",4,0,0,0.22,0
2015,5,"NC",2,0,0,0.08,0
2015,5,"ND",1,0,0,0,0
2015,5,"NE",16,0,0,6.25,0
2015,5,"NM",2,0,0,0.02,0
2015,5,"OH",1,2,0,0.75,0
2015,5,"OK",85,14,1,4.41,0
2015,5,"PA",1,0,0,0.02,0
2015,5,"SD",3,9,0,1.5,0
2015,5,"TN",2,0,0,0.005,0
2015,5,"TX",129,65,4,50.64,0.245
2015,5,"WI",2,0,0,0,0
2015,5,"WY",3,0,0,0,0
2015,6,"CO",25,0,0,0.0335,0
2015,6,"FL",4,0,0,0.005,0
2015,6,"IA",14,4,0,1.311,0.166
2015,6,"IL",26,14,0,27.342,0.077
2015,6,"IN",4,0,0,0,0
2015,6,"KS",11,0,0,0.475,0
2015,6,"KY",1,0,0,0.004,0.005
2015,6,"LA",2,0,0,0.125,0
2015,6,"MA",2,0,0,0.045,0
2015,6,"MD",3,0,0,0.518,0
2015,6,"MI",6,7,0,4.621,0
2015,6,"MN",3,0,0,0,0
2015,6,"MO",6,0,0,0,0
2015,6,"MT",4,2,0,0.1,0
2015,6,"NC",6,0,0,0.0975,0
2015,6,"ND",25,0,0,0.33,0.15
2015,6,"NE",2,0,0,0,0
2015,6,"NM",1,0,0,0,0
2015,6,"NV",1,0,0,0,0
2015,6,"NY",2,0,0,0.035,0
2015,6,"OH",3,0,0,0.128,0.005
2015,6,"OK",1,0,0,0.15,0
2015,6,"PA",4,0,0,0.305,0
2015,6,"SC",1,0,0,0,0
2015,6,"SD",9,0,0,0.1,0
2015,6,"TX",3,0,0,0.01,0
2015,6,"UT",2,0,0,0,0
2015,6,"VA",6,0,0,0.122,0
2015,6,"WI",5,0,0,0.0461,0
2015,6,"WV",2,0,0,0.325,0
2015,6,"WY",4,0,0,0,0
2015,7,"AL",6,0,0,0,0
2015,7,"AR",1,0,0,0.15,0
2015,7,"AZ",1,0,0,0,0
2015,7,"CA",3,0,0,0,0
2015,7,"CO",2,0,0,0,0
2015,7,"DE",1,0,0,0.2,0
2015,7,"IA",2,0,0,0.04,0.01
2015,7,"ID",1,0,0,0,0
2015,7,"IL",11,2,0,2.9,0.01
2015,7,"IN",7,0,0,0.195,0.0058
2015,7,"KS",3,0,0,0.27,0
2015,7,"KY",11,0,0,0.471,0
2015,7,"MI",1,0,0,0.05,0
2015,7,"MN",14,0,0,2.265,0.502
2015,7,"MO",12,0,0,0.626,0.02
2015,7,"ND",6,0,0,0,0
2015,7,"NE",3,0,0,0,0
2015,7,"NH",1,0,0,0,0
2015,7,"NM",2,1,0,0.1,0
2015,7,"OK",3,0,0,0.015,0
2015,7,"PA",3,1,0,0.87,0
2015,7,"SD",9,0,0,0.05,0
2015,7,"TN",9,0,0,0.265,0
2015,7,"WI",6,0,0,0.315,0.002
2015,7,"WY",1,0,0,0,0
2015,8,"AL",2,7,0,0,0
2015,8,"AZ",1,0,0,0,0
2015,8,"CA",1,2,0,18,0
2015,8,"CO",5,0,0,0.15,0.1
2015,8,"FL",4,0,0,0,0
2015,8,"IA",2,0,0,0.2,0.035
2015,8,"IL",6,0,0,1.08,0.008
2015,8,"KS",2,0,0,0,0
2015,8,"MI",1,0,0,0.05,0
2015,8,"MN",6,0,0,0.5,0
2015,8,"MS",1,0,0,0.015,0
2015,8,"NE",3,0,0,0,0
2015,8,"PA",2,0,0,0.065,0
2015,8,"SD",4,0,0,0.085,0
2015,8,"VA",1,0,0,0.002,0
2015,8,"WI",4,0,0,0.157,0
2015,9,"AZ",1,0,0,0,0
2015,9,"FL",3,0,0,0,0
2015,9,"IL",2,0,0,0.09,0
2015,9,"KS",2,1,0,0,0
2015,9,"MD",1,0,0,0,0
2015,9,"MI",1,0,0,0.04,0
2015,9,"MO",2,0,0,0,0
2015,9,"NE",1,0,0,0,0
2015,9,"PA",1,0,0,4,0
2015,9,"SC",1,0,0,1.54,0
2015,9,"TX",2,0,0,0,0
2015,10,"AZ",2,0,0,0,0
2015,10,"CA",1,0,0,0,0
2015,10,"FL",1,0,0,0.012,0
2015,10,"IA",7,0,0,0.016,0
2015,10,"LA",6,1,0,0.057,0
2015,10,"MS",4,0,0,0.104,0
2015,10,"NM",1,0,0,0,0
2015,10,"TX",18,6,0,17.765,0
2015,11,"CA",1,0,0,1,0.2
2015,11,"FL",4,0,0,0.075,0
2015,11,"GA",9,1,0,0.377,0
2015,11,"IA",19,1,0,2.836,0.001
2015,11,"IL",2,0,0,0,0
2015,11,"KS",18,0,0,0.133,0
2015,11,"MI",3,0,0,0.08,0
2015,11,"MO",2,0,0,0,0
2015,11,"MS",13,0,0,0.372,0
2015,11,"NE",1,0,0,0.05,0
2015,11,"OK",9,0,0,0.169,0
2015,11,"TX",24,0,0,1.03,0
2015,12,"AL",6,2,0,0.1,0
2015,12,"AR",9,0,0,0.67,0.015
2015,12,"CA",2,0,0,1.02,0
2015,12,"FL",1,0,0,0.01,0
2015,12,"GA",1,0,0,0.015,0
2015,12,"IA",2,0,0,0,0
2015,12,"IL",6,0,0,0.268,0
2015,12,"IN",5,0,0,0.253,0
2015,12,"KY",1,3,0,0.12,0
2015,12,"LA",7,1,0,0.275,0
2015,12,"MI",1,0,0,0.5,0
2015,12,"MO",3,0,0,0.145,0
2015,12,"MS",6,100,20,22.953,0
2015,12,"NC",1,0,0,0.05,0
2015,12,"OH",1,0,0,0.006,0
2015,12,"OK",3,3,0,2,0
2015,12,"SC",1,0,0,0.018,0
2015,12,"TN",7,4,2,7.132,2.11
2015,12,"TX",22,637,13,42.474,0.045
2015,12,"WA",1,0,0,0.311,0
2015,12,"WV",1,0,0,0.1,0
2016,1,"CA",1,0,0,0,0.075
2016,1,"FL",10,11,2,15.302,0
2016,1,"LA",1,0,0,0,0
2016,1,"MS",5,0,0,0.273,0
2016,2,"AL",21,2,0,1.825,0
2016,2,"FL",14,10,0,34.635,0
2016,2,"GA",5,0,0,5.15,0
2016,2,"LA",15,92,2,0.05,0
2016,2,"MD",1,0,0,0,0
2016,2,"MS",25,2,1,5.311,0
2016,2,"NC",9,0,0,1.105,0
2016,2,"PA",2,0,0,8.025,0
2016,2,"SC",2,0,0,0.05,0
2016,2,"TN",1,1,0,0.15,0
2016,2,"TX",1,0,0,0,0
2016,2,"VA",9,40,4,24.482,1.58
2016,3,"AL",13,4,0,0.023,0
2016,3,"AR",13,6,0,3.601,0
2016,3,"FL",1,0,0,0,0
2016,3,"GA",1,0,0,0.002,0
2016,3,"IA",4,3,0,0.05,0
2016,3,"IL",7,10,0,2.705,0
2016,3,"IN",7,0,0,0.125,0
2016,3,"KS",1,0,0,0,0
2016,3,"KY",5,0,0,1.14,0
2016,3,"LA",3,0,0,0.007,0
2016,3,"MI",1,0,0,0.1,0
2016,3,"MO",1,0,0,0,0
2016,3,"MS",5,0,0,0.58,0
2016,3,"OH",5,0,0,0.48,0
2016,3,"OK",6,11,0,4.275,0
2016,3,"TN",4,0,0,0.075,0
2016,3,"TX",13,0,0,1.624,0
2016,4,"AL",9,0,0,0,0
2016,4,"AR",9,0,0,0.515,0
2016,4,"CA",3,0,0,5e-04,0
2016,4,"CO",5,0,0,0,0
2016,4,"FL",3,0,0,0.205,0
2016,4,"GA",9,5,0,0.595,0
2016,4,"IA",5,0,0,0.028,0
2016,4,"IL",3,0,0,0,0
2016,4,"IN",3,0,0,0.3,0
2016,4,"KS",9,2,0,0.08,0
2016,4,"KY",4,0,0,0.175,0
2016,4,"LA",1,0,0,0.004,0
2016,4,"MO",10,0,0,0.35,0
2016,4,"MS",2,0,0,0.02,0
2016,4,"NE",5,0,0,0.004,0
2016,4,"OK",28,0,0,1.278,0
2016,4,"TX",33,10,1,2.967,0
2016,5,"AR",1,0,0,0.5,0
2016,5,"CO",19,4,0,0.135,0
2016,5,"FL",4,0,0,0.395,0
2016,5,"GA",1,0,0,0,0
2016,5,"IA",7,0,0,0.005,0
2016,5,"IL",5,0,0,0,0
2016,5,"IN",4,0,0,0.055,0
2016,5,"KS",63,10,0,0.017,0
2016,5,"KY",9,10,0,3.98,0
2016,5,"LA",1,0,0,0,0
2016,5,"MI",2,0,0,0.06,0
2016,5,"MN",5,0,0,0.025,0
2016,5,"MO",5,0,0,0,0
2016,5,"MT",2,0,0,0,0
2016,5,"NC",1,1,0,0.5,0
2016,5,"ND",1,0,0,0,0
2016,5,"NE",13,0,0,0.165,0
2016,5,"OK",24,2,2,9.585,0
2016,5,"SD",6,0,0,0.035,0
2016,5,"TX",44,0,0,11.564,0
2016,5,"WA",1,0,0,0.02,0
2016,5,"WI",1,0,0,0.1,0
2016,6,"CO",7,0,0,0,0
2016,6,"FL",2,0,0,0.005,0
2016,6,"GA",1,0,0,0.005,0
2016,6,"IA",4,0,0,0.001,0
2016,6,"ID",1,0,0,0,0
2016,6,"IL",20,4,0,0,0
2016,6,"IN",4,0,0,0.041,0
2016,6,"LA",1,0,0,0,0
2016,6,"MD",1,0,0,0,0
2016,6,"MN",15,0,0,0.5,0
2016,6,"MT",1,7,0,1.5,0
2016,6,"NC",1,1,0,0.05,0
2016,6,"ND",2,0,0,0.2,0.03
2016,6,"NE",3,0,0,0.052,0
2016,6,"OH",3,0,0,0.57,0.02
2016,6,"OR",1,0,0,0,0
2016,6,"PA",3,0,0,0.116,0
2016,6,"SD",4,0,0,0.1,0
2016,6,"TX",3,0,0,0,0
2016,6,"WI",5,0,0,0.205,0
2016,6,"WV",4,2,0,0.097,0
2016,7,"AZ",1,0,0,0,0
2016,7,"CO",5,0,0,0.0325,0
2016,7,"FL",3,0,0,0,0
2016,7,"GA",2,0,0,0,0
2016,7,"IA",14,9,0,5.284,0.021
2016,7,"ID",1,0,0,0,0
2016,7,"IL",4,2,0,0.35,0
2016,7,"KS",7,0,0,3.9,0.01
2016,7,"KY",5,10,0,1.116,0
2016,7,"ME",1,0,0,0,0
2016,7,"MI",4,0,0,0.165,0
2016,7,"MN",11,1,0,0.1,0
2016,7,"MO",1,0,0,0,0
2016,7,"MS",2,0,0,0.155,0
2016,7,"MT",3,0,0,0,0
2016,7,"ND",12,0,0,0,0
2016,7,"NE",10,0,0,0.07,0
2016,7,"NH",1,0,0,0,0
2016,7,"NJ",2,0,0,0,0
2016,7,"NM",1,0,0,0,0
2016,7,"OH",1,0,0,0.015,0
2016,7,"OK",1,0,0,0,0
2016,7,"OR",1,0,0,0,0
2016,7,"PA",1,0,0,0.025,0
2016,7,"SD",3,0,0,0,0
2016,7,"TX",1,0,0,0,0
2016,7,"WA",2,0,0,0,0
2016,7,"WI",9,0,0,1.125,0
2016,7,"WV",3,0,0,0.036,0
2016,8,"AL",1,0,0,0,0
2016,8,"CT",1,0,0,0.015,0
2016,8,"FL",2,0,0,0.02,0
2016,8,"IA",2,0,0,0,0
2016,8,"IL",1,0,0,0,0
2016,8,"IN",22,20,0,10.2745,0.014
2016,8,"KS",2,0,0,0,0
2016,8,"KY",1,0,0,0.05,0.05
2016,8,"LA",2,2,0,0.2,0
2016,8,"MA",1,0,0,1,0
2016,8,"MD",1,0,0,0.075,0
2016,8,"MI",9,0,0,5.36,0
2016,8,"MN",4,0,0,0,0.005
2016,8,"MO",1,0,0,0.002,0
2016,8,"ND",7,0,0,0.6,0.35
2016,8,"NE",6,0,0,0,0
2016,8,"NM",2,0,0,0,0
2016,8,"NY",2,0,0,0.018,0
2016,8,"OH",15,0,0,0.0955,0.01
2016,8,"PA",2,0,0,0.015,0
2016,8,"TX",1,0,0,0,0
2016,8,"UT",1,0,0,0,0
2016,8,"WA",1,0,0,0,0
2016,8,"WI",2,0,0,0.125,0.005
2016,8,"WY",1,0,0,0,0
2016,9,"CO",3,0,0,0.046,0
2016,9,"FL",6,0,0,0.083,0
2016,9,"GA",2,0,0,0,0
2016,9,"IA",2,0,0,0.0032,0.003
2016,9,"IL",4,0,0,0.85,0.12
2016,9,"MN",2,0,0,1,0
2016,9,"NC",3,3,0,0.475,0
2016,9,"NE",2,0,0,0,0
2016,9,"NM",6,0,0,0,0
2016,9,"PA",1,0,0,0.02,0
2016,9,"TX",5,0,0,0.03,0
2016,9,"UT",2,5,0,2.3,0
2016,9,"WY",1,0,0,0.001,0
2016,10,"IA",3,0,0,0,0
2016,10,"IL",2,0,0,0,0
2016,10,"IN",2,0,0,0,0
2016,10,"KS",11,0,0,0.045,1e-04
2016,10,"NC",1,0,0,0.075,0.025
2016,10,"OR",2,0,0,1,0
2016,10,"SC",1,0,0,0,0
2016,11,"AL",19,12,4,0,0
2016,11,"FL",1,0,0,0.05,0
2016,11,"GA",6,0,0,0.214,0
2016,11,"IA",5,0,0,0.008,0
2016,11,"KS",1,0,0,0,0
2016,11,"LA",2,0,0,0,0
2016,11,"MS",5,0,0,0.695,0
2016,11,"NC",1,0,0,0.1,0
2016,11,"NE",3,0,0,0.153,0
2016,11,"PR",1,0,0,0.01,0
2016,11,"SC",1,0,0,0.5,0
2016,11,"TN",5,23,2,1,0
2016,12,"AL",2,0,0,0,0
2016,12,"AR",1,0,0,0.1,0
2016,12,"GA",1,0,0,0.05,0
2016,12,"KS",8,0,0,0.09,0
2016,12,"KY",1,0,0,0.004,0
2016,12,"LA",1,0,0,0,0
2016,12,"MS",2,0,0,0.08,0
2016,12,"NE",3,0,0,0.605,0
2017,1,"AL",21,4,0,1.5,0
2017,1,"AR",3,0,0,0.038,0
2017,1,"CA",2,0,0,0.025,0
2017,1,"FL",5,0,0,1,0
2017,1,"GA",53,137,16,317.732,7.55
2017,1,"LA",21,3,0,7.05,0
2017,1,"MS",13,59,4,12.96,0.9495
2017,1,"SC",2,1,0,0,0
2017,1,"TX",19,4,0,4.545,0
2017,2,"AL",2,1,0,0.1,0
2017,2,"AR",2,5,0,0.12,0
2017,2,"FL",2,0,0,0,0
2017,2,"GA",2,7,0,0.15,0
2017,2,"IA",1,0,0,0,0
2017,2,"IL",17,18,4,16.681,0
2017,2,"IN",2,1,0,4.05,0
2017,2,"KS",2,0,0,0.06,0
2017,2,"KY",3,0,0,0.395,0
2017,2,"LA",6,39,1,0,0
2017,2,"MA",2,1,0,0.65,0
2017,2,"MD",1,0,0,0,0
2017,2,"MI",4,0,0,0,0
2017,2,"MO",4,24,2,22.8,0
2017,2,"MS",2,0,0,0.45,0
2017,2,"NC",1,0,0,0.08,0
2017,2,"PA",2,0,0,0.5,0
2017,2,"SC",1,0,0,0.997,0
2017,2,"TN",1,0,0,0.015,0
2017,2,"TX",16,6,0,2.86,0
2017,3,"AR",17,7,0,2.15,0
2017,3,"FL",4,0,0,0.027,0
2017,3,"GA",3,0,0,0.195,0
2017,3,"IA",18,3,0,3.472,0
2017,3,"IL",8,0,0,0.447,0
2017,3,"IN",9,11,0,0.982,0
2017,3,"KS",9,0,0,0,0
2017,3,"KY",11,0,0,3.67,0
2017,3,"LA",6,0,0,0.373,0
2017,3,"MN",3,0,0,0,0
2017,3,"MO",37,17,0,2.215,0
2017,3,"MS",3,0,0,0.095,0
2017,3,"NC",1,0,0,0.25,0
2017,3,"OH",8,0,0,0.88,0
2017,3,"OK",3,0,0,0.101,0
2017,3,"PR",1,0,0,0,0
2017,3,"TN",15,0,0,8.115,0
2017,3,"TX",36,2,0,2.007,0.02
2017,3,"VA",2,0,0,8.15,0
2017,3,"WA",1,0,0,0.002,0
2017,3,"WI",1,0,0,0.29,0
2017,4,"AL",13,3,0,1.102,0
2017,4,"AR",14,1,0,1.6,0
2017,4,"CO",1,0,0,0,0
2017,4,"DC",2,1,0,0,0
2017,4,"FL",3,1,0,0.365,0
2017,4,"GA",37,0,0,3.407,0
2017,4,"IA",1,0,0,0.01,0.01
2017,4,"IL",3,0,0,0.035,0
2017,4,"IN",2,0,0,0.1,0
2017,4,"KS",4,0,0,0,0
2017,4,"KY",6,0,0,1.125,0
2017,4,"LA",30,3,2,4.812,0
2017,4,"MI",1,0,0,0.21,0
2017,4,"MO",8,0,0,1.51,0
2017,4,"MS",35,0,1,16.13,3.26
2017,4,"NE",2,0,0,0,0
2017,4,"NM",1,0,0,0,0
2017,4,"OH",2,0,0,0.08,0
2017,4,"OK",10,0,0,0.319,0
2017,4,"OR",1,0,0,0,0
2017,4,"PA",1,0,0,0.01,0
2017,4,"SC",13,1,1,0.121,0
2017,4,"TN",3,1,0,0.2,0
2017,4,"TX",24,59,4,3.869,0.502
2017,4,"VA",9,0,0,0.25,0
2017,4,"WI",1,0,0,0,0
2017,5,"AR",2,0,0,0.07,0
2017,5,"CA",1,0,0,0,0
2017,5,"CO",8,0,0,0,0
2017,5,"FL",2,0,0,0,0
2017,5,"GA",21,7,0,0.909,0
2017,5,"IA",8,0,0,0.008,0
2017,5,"IL",10,1,0,0.233,0
2017,5,"IN",5,0,0,0.385,0
2017,5,"KS",29,2,0,0.658,0
2017,5,"LA",12,1,0,0.035,0
2017,5,"MN",2,0,0,0.02,0
2017,5,"MO",28,1,0,1,0
2017,5,"NC",13,2,0,35.895,0
2017,5,"NE",4,0,0,0.003,0
2017,5,"NM",7,0,0,0,0
2017,5,"NY",1,0,0,0,0
2017,5,"OH",10,0,0,0.51,0
2017,5,"OK",58,10,1,26.842,0
2017,5,"PA",8,1,0,0.31,0
2017,5,"SC",11,1,0,0.24,0
2017,5,"TN",2,0,0,0.05,0
2017,5,"TX",39,0,0,2.964,0.001
2017,5,"VA",10,0,0,0.829,0.04
2017,5,"WI",3,25,1,10.58,0
2017,5,"WY",1,0,0,0.001,0
2017,6,"AL",6,0,0,0.075,0
2017,6,"CO",5,0,0,0.002,0
2017,6,"DE",1,0,0,0,0
2017,6,"FL",5,0,0,0.05,0
2017,6,"IA",16,1,0,0.226,0.037
2017,6,"IL",3,0,0,0,0
2017,6,"KS",2,0,0,0,0
2017,6,"KY",2,0,0,0.25,0
2017,6,"MD",1,0,0,0,0
2017,6,"MI",1,0,0,0,0
2017,6,"MN",12,0,0,0.358,0
2017,6,"MO",4,0,0,0,0
2017,6,"MS",3,0,0,0,0
2017,6,"NC",1,0,0,0,0
2017,6,"ND",17,0,0,2.01,2.125
2017,6,"NE",21,1,0,3.944,0.002
2017,6,"NJ",2,0,0,0,0
2017,6,"NY",3,0,0,0.02,0
2017,6,"OK",2,0,0,0,0
2017,6,"PA",5,0,0,0.145,0
2017,6,"SD",9,0,0,0,0
2017,6,"TX",3,0,0,0,0
2017,6,"WI",16,0,0,0.9945,0
2017,6,"WV",3,0,0,0.385,0
2017,6,"WY",11,3,0,1.21,0
2017,7,"AR",1,0,0,0.75,0
2017,7,"AZ",2,0,0,0,0
2017,7,"FL",4,0,0,0.116,0
2017,7,"IA",5,2,0,0.853,0.005
2017,7,"IL",2,0,0,0.04,0.002
2017,7,"IN",3,0,0,0.04,0.005
2017,7,"KS",1,0,0,0,0
2017,7,"LA",2,0,0,0,0
2017,7,"MD",1,1,0,0,0
2017,7,"ME",5,1,0,0,0
2017,7,"MN",20,0,0,1.29,1.515
2017,7,"MT",1,0,0,0,0
2017,7,"NC",1,0,0,0.01,0
2017,7,"ND",12,0,0,1.81,1.45
2017,7,"NM",2,0,0,0,0
2017,7,"NY",4,0,0,0.3785,0
2017,7,"OH",3,0,0,0.05,0
2017,7,"PA",4,0,0,0.04,0
2017,7,"SD",1,0,0,0,0
2017,7,"TN",3,0,0,0.76,0
2017,7,"TX",3,0,0,0.14,0
2017,7,"UT",2,0,0,0,0
2017,7,"WI",1,0,0,0.005,0
2017,7,"WV",1,0,0,0,0
2017,8,"AL",5,6,0,0,0
2017,8,"AR",1,0,0,0.015,0
2017,8,"AZ",1,0,0,0,0
2017,8,"CO",4,0,0,0,0
2017,8,"FL",4,0,0,0.028,0
2017,8,"GA",1,0,0,0.1,0
2017,8,"IA",5,0,0,0.305,0.177
2017,8,"IL",4,0,0,0,0
2017,8,"LA",7,0,0,0.227,0
2017,8,"MD",1,0,0,0.75,0
2017,8,"ME",2,0,0,0,0
2017,8,"MI",3,0,0,0.1,0
2017,8,"MN",17,0,0,0.5,0.25
2017,8,"MS",11,0,0,0.59,0
2017,8,"NE",7,0,0,0.16,0
2017,8,"NM",1,0,0,0,0
2017,8,"NY",3,0,0,0.06,0
2017,8,"OH",1,0,0,0.05,0
2017,8,"OK",4,30,0,50.24,0
2017,8,"PA",3,0,0,0.555,0.001
2017,8,"SD",1,0,0,0,0
2017,8,"TN",6,0,0,0.08,0
2017,8,"TX",23,0,0,6.9005,0
2017,8,"VA",2,0,0,0.015,0
2017,9,"CO",1,0,0,0,0
2017,9,"FL",23,0,0,0.06,0.002
2017,9,"MN",8,0,0,2.952,0.005
2017,9,"ND",4,0,0,0.031,0.005
2017,9,"NM",1,0,0,0,0
2017,9,"NV",2,0,0,0,0
2017,9,"OH",1,2,0,2.05,0
2017,9,"OR",1,0,0,0.24,0
2017,9,"SC",5,0,0,0,0
2017,9,"SD",4,0,0,0,0
2017,9,"TX",1,0,0,0,0
2017,10,"AL",9,0,0,0.065,0
2017,10,"CO",1,0,0,0,0
2017,10,"FL",4,0,0,0,0
2017,10,"IL",1,0,0,0,0
2017,10,"IN",1,0,0,0.085,0
2017,10,"KS",13,0,0,0.269,0
2017,10,"MO",1,0,0,0,0
2017,10,"MS",2,1,0,0.025,0
2017,10,"NC",14,1,0,4.098,0
2017,10,"NE",1,0,0,0,0
2017,10,"NY",1,0,0,0.0035,0
2017,10,"OK",9,0,0,0.188,0
2017,10,"OR",1,0,0,0.04,0
2017,10,"SC",14,1,0,2.435,0
2017,10,"TX",1,0,0,0.05,0
2017,10,"VA",4,0,0,0.75,0
2017,10,"WA",1,0,0,0.002,0
2017,10,"WI",1,0,0,0.25,0
2017,11,"AL",2,0,0,0,0
2017,11,"FL",1,0,0,0,0
2017,11,"ID",1,0,0,2e-04,0
2017,11,"IL",3,0,0,0.325,0
2017,11,"IN",9,2,0,11.953,0.03
2017,11,"KY",5,2,0,0.75,0
2017,11,"OH",17,8,0,20.11,0.035
2017,11,"PA",2,0,0,0.55,0
2017,11,"TN",4,0,0,0.16,0.005
2017,12,"AL",1,0,0,0,0
2017,12,"GA",1,0,0,0.03,0
2017,12,"IA",1,0,0,0,0
2017,12,"LA",3,0,0,0.34,0
2017,12,"MO",4,4,0,0.45,0.008
2017,12,"MS",1,0,0,0,0
2017,12,"TX",3,0,0,0.275,0
2018,1,"AR",4,0,0,0.2,0
2018,1,"CA",1,0,0,1e-04,0
2018,1,"LA",1,0,0,0.015,0
2018,1,"MO",2,0,0,0.1,0
2018,1,"MS",1,2,0,0.045,0
2018,1,"TX",5,0,0,2.665,0
2018,1,"VA",1,0,0,0.03,0
2018,2,"AL",9,0,0,0.01,0
2018,2,"AR",5,6,2,4.522,0
2018,2,"CA",1,0,0,0,0
2018,2,"FL",3,1,0,0.3,0
2018,2,"GA",3,0,0,0.11,0
2018,2,"KY",14,10,1,8.521,0
2018,2,"LA",1,0,0,0.025,0
2018,2,"MO",2,7,0,2.752,0
2018,2,"MS",2,0,0,0.25,0
2018,2,"OH",2,0,0,0.15,0
2018,2,"PA",1,0,0,0.05,0
2018,2,"TN",11,6,1,11.1,0
2018,3,"AL",17,8,0,0.3,0
2018,3,"AR",1,0,0,0.02,0
2018,3,"CA",3,0,0,0.001,0
2018,3,"FL",1,0,0,0,0
2018,3,"GA",4,2,0,1.85,0
2018,3,"LA",10,8,0,1.3155,0
2018,3,"MS",8,0,0,0.72,0
2018,3,"NC",2,0,0,0,0
2018,3,"TN",3,0,0,0,0
2018,3,"TX",8,0,0,1.161,0
2018,4,"AL",7,3,0,0.351,0
2018,4,"AR",13,4,0,1.712,0.031
2018,4,"FL",10,2,0,0.6252,0
2018,4,"GA",2,0,0,0.008,0
2018,4,"ID",1,0,0,0,0
2018,4,"IL",6,0,0,0.977,0
2018,4,"IN",2,0,0,0.026,0.005
2018,4,"KY",6,0,0,0.795,0
2018,4,"LA",35,0,1,11.317,0
2018,4,"MO",7,0,0,1.995,0
2018,4,"MS",20,2,0,1.31,0
2018,4,"NC",4,5,0,71.2,0
2018,4,"OH",6,0,0,0.89,0
2018,4,"SC",5,0,0,0.05,0
2018,4,"TX",4,0,0,0.017,0
2018,4,"VA",6,12,0,24.124,0
2018,5,"AR",2,0,0,0.05,0
2018,5,"CO",23,0,0,0.06,0
2018,5,"CT",4,0,0,0.2,0
2018,5,"FL",6,0,0,0.0182,0
2018,5,"GA",1,0,0,0,0
2018,5,"IA",6,0,0,0,2e-04
2018,5,"ID",2,0,0,3e-04,0
2018,5,"IL",6,0,0,0.077,0
2018,5,"IN",1,0,0,0,0
2018,5,"KS",35,0,0,0.1,0
2018,5,"MN",2,0,0,0.008,0
2018,5,"MO",11,0,0,0.208,0
2018,5,"MT",2,0,0,0,0
2018,5,"ND",4,0,0,0,0
2018,5,"NE",5,0,0,0.08,0
2018,5,"NH",1,0,0,0,0
2018,5,"NM",5,0,0,0,0
2018,5,"NV",3,0,0,0,0
2018,5,"NY",5,0,1,0.42,0
2018,5,"OH",2,0,0,0.015,0
2018,5,"OK",23,0,0,0.138,0
2018,5,"PA",5,0,0,0.103,0
2018,5,"SC",1,0,0,0,0
2018,5,"SD",1,0,0,0,0
2018,5,"TX",5,0,0,0.1,0
2018,5,"UT",2,0,0,0,0
2018,5,"VA",1,0,0,0.025,0
2018,5,"WI",2,0,0,0.04,0
2018,5,"WY",6,0,0,0,0
2018,6,"AL",2,3,0,0,0
2018,6,"AR",2,0,0,0.005,0
2018,6,"CO",8,0,0,0,0
2018,6,"FL",3,0,0,0.11,0
2018,6,"GA",1,0,0,0.01,0
2018,6,"IA",12,0,0,0.02,0.0014
2018,6,"ID",1,0,0,0.003,0
2018,6,"IL",11,0,0,0.222,0
2018,6,"IN",2,0,0,0,0
2018,6,"KS",5,8,0,13.69,0
2018,6,"KY",4,0,0,0.851,0
2018,6,"MN",5,0,0,6.5,0.5
2018,6,"MO",4,0,0,0.15,0
2018,6,"MS",1,0,0,0.075,0
2018,6,"MT",6,0,0,0,0
2018,6,"ND",18,0,0,0.18,0
2018,6,"NE",24,0,0,0.185,0
2018,6,"NH",2,0,0,0,0
2018,6,"NM",3,0,0,0,0
2018,6,"OH",2,0,0,0.15,0
2018,6,"OK",2,0,0,0.001,0
2018,6,"PA",7,6,0,5.58,0
2018,6,"SD",10,0,0,0,0
2018,6,"TN",1,0,0,0.5,0
2018,6,"TX",3,0,0,0,0
2018,6,"WI",4,0,0,0.018,0
2018,6,"WV",1,0,0,0.01,0
2018,6,"WY",11,2,0,0.07,0
2018,7,"AL",1,0,0,0,0
2018,7,"CO",13,1,0,0.3,0
2018,7,"CT",1,0,0,0.03,0
2018,7,"FL",6,0,0,0.005,0
2018,7,"GA",1,0,0,0,0
2018,7,"IA",21,35,0,320.375,0.024
2018,7,"IN",5,0,0,0.68,5e-04
2018,7,"KS",2,0,0,0,0
2018,7,"KY",3,0,0,0.325,0
2018,7,"LA",1,0,0,0,0
2018,7,"MA",2,0,0,0.065,0
2018,7,"MI",1,0,0,0.05,0
2018,7,"MN",5,0,0,0.39,0.004
2018,7,"MO",1,0,0,0,0
2018,7,"MT",1,0,0,0,0
2018,7,"ND",6,28,1,3.91,0.021
2018,7,"NE",1,0,0,0,0
2018,7,"OH",2,0,0,0.175,0
2018,7,"PA",2,0,0,0.01,0
2018,7,"SC",1,0,0,5e-04,0
2018,7,"SD",5,0,0,0,0
2018,7,"TX",3,0,0,0.001,0.00025
2018,7,"VA",1,0,0,0,0
2018,7,"WI",1,0,0,0,0
2018,7,"WY",6,0,0,0,0
2018,8,"AR",2,0,0,0.55,0
2018,8,"AZ",1,0,0,0,0
2018,8,"CA",1,0,0,0,0
2018,8,"CO",1,0,0,0,0
2018,8,"CT",1,0,0,0,0
2018,8,"GA",2,0,0,0.215,0
2018,8,"IA",4,0,0,0,0
2018,8,"IL",2,0,0,0.03,0
2018,8,"IN",2,0,0,0,0
2018,8,"KS",3,0,0,0,0
2018,8,"LA",1,0,0,0,0
2018,8,"MA",1,1,0,5,0
2018,8,"MI",7,0,0,0.46,0
2018,8,"MN",6,0,0,0.5,0
2018,8,"MO",8,0,0,0.155,0
2018,8,"MS",1,0,0,0.5,0
2018,8,"MT",1,0,0,0,0
2018,8,"NE",1,0,0,0.025,1
2018,8,"NM",1,0,0,0.3,0
2018,8,"NY",2,0,0,0.01,0
2018,8,"OK",2,0,0,0.065,0
2018,8,"PA",1,0,0,0.005,0
2018,8,"SC",1,0,0,0.01,0
2018,8,"SD",3,0,0,0,0
2018,8,"TX",2,0,0,0,0
2018,8,"VA",1,0,0,0,0
2018,8,"WI",23,0,0,0.334,0.005
2018,9,"IA",12,0,0,0.299,0
2018,9,"IL",1,0,0,0.01,0
2018,9,"IN",2,0,0,0.08,0
2018,9,"KY",4,0,0,0.109,0.015
2018,9,"MI",7,0,0,1.9,0
2018,9,"MN",27,1,0,1.682,0.005
2018,9,"MS",2,0,0,1e-04,0
2018,9,"NC",27,0,0,1.682,0.05
2018,9,"NE",1,0,0,0,0
2018,9,"NM",2,0,0,0,0
2018,9,"OH",3,0,0,0.97,0
2018,9,"SC",6,0,0,0.005,0
2018,9,"TN",2,0,0,0.035,0
2018,9,"TX",1,0,0,0,0
2018,9,"VA",11,1,1,1.098,0
2018,9,"WI",2,0,0,0,0
2018,10,"AR",2,0,0,0.001,0
2018,10,"AZ",4,0,0,0,0
2018,10,"CT",3,0,0,0.103,0
2018,10,"FL",2,0,0,0,0
2018,10,"GA",3,0,0,0.215,0
2018,10,"IA",14,0,0,0.072,0.006
2018,10,"KS",1,0,0,0,0
2018,10,"KY",1,0,0,0.5,0
2018,10,"LA",14,2,0,2.034,0
2018,10,"MA",4,0,0,0.0203,0
2018,10,"MO",4,0,0,0,0
2018,10,"NV",1,0,0,0,0
2018,10,"NY",5,0,0,0.24,0
2018,10,"OH",1,0,0,0.01,0
2018,10,"OK",12,0,0,0.41,0
2018,10,"OR",3,0,0,0.1072,0
2018,10,"PA",16,1,0,0.835,0
2018,10,"RI",1,0,0,1,0
2018,10,"SC",4,0,0,0,0
2018,10,"TX",20,0,0,0.663,0
2018,10,"VA",7,0,0,0.65,0
2018,10,"WI",1,0,0,0,0
2018,11,"AL",8,0,0,0.01,0
2018,11,"AR",3,2,0,2.6,0
2018,11,"FL",7,1,0,1.447,0
2018,11,"GA",1,0,0,0.015,0
2018,11,"KY",3,0,0,0.785,0
2018,11,"LA",17,3,0,0.697,0.1
2018,11,"MD",2,1,2,0.915,0
2018,11,"MO",1,0,0,0,0
2018,11,"MS",23,0,0,5.415,0.3
2018,11,"NC",4,0,0,0,0
2018,11,"OK",5,5,0,2.031,0
2018,11,"TN",10,3,1,5.17,0
2018,11,"TX",1,0,0,0,0
2018,11,"VA",1,0,0,0.5,0
2018,12,"AL",3,0,0,0.015,0
2018,12,"AR",1,0,0,0.3,0
2018,12,"FL",9,1,0,0.235,0
2018,12,"GA",7,4,0,0.037,0
2018,12,"IL",29,22,0,124.377,0
2018,12,"IN",2,0,0,0.07,0
2018,12,"KY",1,0,0,0.055,0
2018,12,"LA",2,0,0,0.014,0
2018,12,"MO",7,0,1,0.945,0
2018,12,"MS",1,0,0,0.015,0
2018,12,"NC",1,0,0,0.03,0
2018,12,"TX",2,0,0,0.03,0
2018,12,"WA",1,0,0,1.18,0
2019,1,"AL",5,6,0,0,0
2019,1,"CA",3,0,0,0.5,0
2019,1,"FL",4,0,0,1.4,0
2019,1,"GA",1,0,0,0.01,0
2019,1,"IL",1,0,0,0,0
2019,1,"LA",2,0,0,0,0
2019,1,"MS",4,0,0,0.115,0
2019,1,"OH",1,0,0,0.25,0
2019,1,"PA",1,0,0,0.005,0
2019,2,"AL",4,0,0,0,0
2019,2,"AR",1,1,0,0.1,0.03
2019,2,"CA",4,0,0,0.005,0
2019,2,"GA",5,0,0,0.46,0
2019,2,"IN",2,0,0,0.165,0
2019,2,"KY",1,0,0,0.005,0
2019,2,"MS",4,11,1,15.575,0
2019,2,"NM",1,0,0,0,0
2019,2,"OH",1,0,0,0.04,0
2019,2,"SC",1,0,0,0,0
2019,2,"TN",3,0,0,0.055,0
2019,3,"AL",30,181,46,2.365,0
2019,3,"AR",3,2,0,0.5,0.03
2019,3,"CA",1,0,0,0.02,0
2019,3,"CO",2,0,0,0,0
2019,3,"FL",6,0,0,0.66,0
2019,3,"GA",24,4,0,4.375,0.005
2019,3,"IN",3,0,0,0.1,0
2019,3,"KY",6,2,0,1.545,0
2019,3,"LA",3,0,0,0.3,0
2019,3,"MI",4,0,0,9.975,0
2019,3,"MO",4,1,0,0.06,0
2019,3,"MS",4,0,0,1.757,0
2019,3,"NM",2,6,0,2.02,0
2019,3,"OH",2,0,0,0.2,0
2019,3,"SC",7,7,0,0.05,0
2019,3,"TN",1,0,0,0,0
2019,3,"TX",11,0,0,1.03,0
2019,4,"AL",17,1,0,0.17,0
2019,4,"AR",2,0,0,1.2,0.95
2019,4,"CA",2,0,0,0.002,0
2019,4,"DE",2,1,0,0,0
2019,4,"FL",1,0,0,0,0
2019,4,"GA",10,0,0,0.855,0
2019,4,"IL",2,0,0,0.001,0
2019,4,"IN",2,0,0,0.053,0
2019,4,"KS",5,0,0,0.05,0
2019,4,"KY",1,0,0,0.1,0
2019,4,"LA",17,3,2,57.625,2.3
2019,4,"MD",2,0,0,0.015,0
2019,4,"MO",29,3,0,13.093,0
2019,4,"MS",67,21,1,24.911,2.918
2019,4,"NC",15,1,0,4.368,0
2019,4,"NY",1,0,0,0.015,0
2019,4,"OH",7,5,0,0.629,0
2019,4,"OK",22,17,2,2.275,0
2019,4,"PA",14,0,0,2.445,0
2019,4,"SC",9,0,0,0.2,0
2019,4,"TX",34,25,2,20.251,0.007
2019,4,"VA",18,0,0,1.488,0
2019,4,"WY",1,0,0,0.02,0
2019,5,"AL",5,0,0,0.01,0
2019,5,"AR",19,9,0,0.999,0.075
2019,5,"AZ",1,0,0,0,0
2019,5,"CA",1,0,0,0,0
2019,5,"CO",17,0,0,0,0
2019,5,"FL",4,0,0,0.075,0
2019,5,"GA",1,1,0,0,0
2019,5,"IA",27,2,1,2.729,0
2019,5,"ID",3,0,0,0.001,0
2019,5,"IL",27,0,0,0.01,0
2019,5,"IN",10,3,0,0.21,0
2019,5,"KS",58,16,0,34.572,0
2019,5,"KY",1,0,0,0.035,0
2019,5,"LA",27,0,0,2.409,0
2019,5,"MD",3,1,0,0.022,0
2019,5,"MI",1,0,0,0.02,0
2019,5,"MN",7,0,0,0.24,0
2019,5,"MO",22,34,3,185.611,0
2019,5,"MS",2,0,0,0.05,0
2019,5,"NC",2,0,0,1.35,0
2019,5,"ND",3,0,0,0,0
2019,5,"NE",24,0,0,1.708,0
2019,5,"NJ",1,0,0,0,0
2019,5,"NM",8,0,0,2,0
2019,5,"NV",1,0,0,0,0
2019,5,"OH",25,175,1,583.258,0
2019,5,"OK",109,35,2,6.827,0
2019,5,"OR",1,0,0,0,0
2019,5,"PA",16,1,0,0.32,0
2019,5,"TN",3,0,0,0.01,0
2019,5,"TX",97,7,0,32.735,0
2019,5,"VA",2,0,0,0.415,0
2019,5,"WI",1,0,0,0.001,0.004
2019,5,"WY",1,0,0,0,0
2019,6,"AL",2,0,0,0.025,0
2019,6,"AR",2,0,0,0.015,0.06
2019,6,"CA",1,0,0,0,0
2019,6,"CO",9,0,0,0,0
2019,6,"IA",8,0,0,0.001,0
2019,6,"ID",1,0,0,0,0
2019,6,"IL",10,0,0,0.15,0
2019,6,"IN",12,2,0,2.156,0
2019,6,"KS",11,0,0,0,0
2019,6,"KY",18,0,0,3.445,0
2019,6,"LA",22,5,0,0.622,0
2019,6,"MD",1,0,0,0,0
2019,6,"MN",8,0,0,0.09,0
2019,6,"MO",1,0,0,0,0
2019,6,"MS",4,0,0,0.26,0
2019,6,"MT",3,0,0,0,0
2019,6,"NC",1,0,0,0,0
2019,6,"ND",2,0,0,0,0.01
2019,6,"NE",1,0,0,0,0
2019,6,"NJ",2,0,0,0,0
2019,6,"NM",5,1,0,0.25,0
2019,6,"OH",12,0,0,0.518,0
2019,6,"OK",11,0,0,0.346,0
2019,6,"OR",1,0,0,0,0
2019,6,"PA",3,0,0,0,0
2019,6,"SD",3,0,0,0,0
2019,6,"TN",7,0,0,0.19,0
2019,6,"TX",13,0,0,0.875,0
2019,6,"WI",1,0,0,0,0
2019,6,"WV",2,0,0,0.57,0
2019,6,"WY",4,0,0,0.002,0
2019,7,"AZ",1,0,0,0,0
2019,7,"CO",2,0,0,0,0
2019,7,"FL",1,0,0,0,0
2019,7,"IA",3,0,0,0,5e-04
2019,7,"IL",1,0,0,0,0
2019,7,"KS",4,0,0,0,0
2019,7,"LA",2,0,0,0.3,0
2019,7,"MA",3,0,0,4.9,0
2019,7,"MN",19,0,0,2.165,0.01
2019,7,"MS",2,0,0,0.753,0
2019,7,"MT",1,0,0,0,0
2019,7,"NC",2,0,0,0.05,0
2019,7,"ND",8,0,0,1.6,0
2019,7,"NE",4,0,0,0,0
2019,7,"NJ",2,0,0,0,0
2019,7,"NM",1,0,0,0,0
2019,7,"OR",1,0,0,0.021,0
2019,7,"PR",1,0,0,0.1,0
2019,7,"SD",11,0,0,0.102,0
2019,7,"TX",1,0,0,5e-04,0
2019,7,"VI",1,0,0,0,0
2019,7,"WI",22,0,0,1.535,0.02
2019,7,"WY",10,0,0,0,0
2019,8,"AR",1,0,0,0,0
2019,8,"AZ",1,0,0,0,0
2019,8,"CO",14,0,0,0.07,0
2019,8,"FL",1,0,0,0,0
2019,8,"IA",6,0,0,0.57,0.0017
2019,8,"ID",1,0,0,0,0
2019,8,"IL",3,0,0,0.095,0.73
2019,8,"IN",2,0,0,0.005,0.01
2019,8,"KS",8,0,0,0.05,0
2019,8,"ME",1,0,0,0,0
2019,8,"MI",1,0,0,0.05,0
2019,8,"MN",14,0,0,0.501,0.01
2019,8,"MS",1,0,0,0,0
2019,8,"NC",2,0,0,0.002,0
2019,8,"ND",1,0,0,0,0
2019,8,"NE",4,0,0,0,0
2019,8,"NJ",3,0,0,0.117,0
2019,8,"NY",2,0,0,0,0
2019,8,"OH",1,0,0,0,0
2019,8,"OK",3,0,0,0.225,0
2019,8,"SD",3,2,0,7,0
2019,8,"VA",1,0,0,0.2,0
2019,8,"VT",1,0,0,0,0
2019,8,"WI",1,0,0,0.05,0
2019,8,"WY",2,0,0,0,0
2019,9,"AZ",5,5,0,0.27,0
2019,9,"CA",1,0,0,0,0
2019,9,"CO",5,0,0,0,0
2019,9,"CT",1,0,0,0.025,0
2019,9,"IA",9,0,0,0.09,0.0033
2019,9,"IL",4,1,0,0.085,0.02
2019,9,"KS",5,0,0,0.005,0
2019,9,"LA",1,0,0,0.02,0
2019,9,"MI",2,0,0,0,0
2019,9,"MN",5,0,0,0.95,0.01
2019,9,"MO",1,0,0,0,0
2019,9,"NC",22,2,0,3.01,0.065
2019,9,"ND",1,0,0,0,0
2019,9,"NE",1,0,0,0,0
2019,9,"NY",1,0,0,0.075,0
2019,9,"OR",1,0,0,0.008,0.002
2019,9,"PR",1,0,0,0,0
2019,9,"SC",3,0,0,0.41,0
2019,9,"SD",9,8,0,11.006,0
2019,9,"TX",2,0,0,0.3,0
2019,9,"WI",2,3,0,3.505,0
2019,9,"WY",3,0,0,0,0
2019,10,"AL",4,0,0,0,0
2019,10,"AR",5,3,0,6.58,0
2019,10,"FL",4,0,0,10.7,0
2019,10,"GA",1,0,0,0.015,0
2019,10,"IA",2,0,0,0,0
2019,10,"LA",3,1,0,0.577,0
2019,10,"MO",8,0,0,0.378,0
2019,10,"NC",3,0,0,0,0
2019,10,"NJ",1,0,0,0,0
2019,10,"NM",1,0,0,0,0
2019,10,"OK",7,0,0,0.327,0
2019,10,"PA",1,2,0,0,0
2019,10,"RI",1,0,0,0.005,0
2019,10,"SC",4,0,0,0.025,0
2019,10,"TN",5,0,0,1.615,0
2019,10,"TX",12,0,0,1981.616,0
2019,10,"VA",3,0,0,0.105,0
2019,10,"WA",2,0,0,0.15,0
2019,10,"WI",2,0,0,0,0
2019,11,"AL",4,0,0,0,0
2019,11,"AZ",4,0,0,0.245,0
2019,11,"FL",1,0,0,0,0
2019,11,"IA",2,0,0,0,5e-04
2019,11,"LA",3,1,1,0.145,0
2019,11,"MS",2,0,0,0.165,0
2019,12,"AL",15,3,2,0.025,0
2019,12,"CA",1,0,0,0,0
2019,12,"FL",3,0,0,0,0
2019,12,"GA",4,0,0,0.685,0
2019,12,"LA",6,0,1,25.808,0
2019,12,"MO",1,0,0,0.055,0
2019,12,"MS",25,9,0,7.526,0
2019,12,"NM",1,0,0,0.3,0
2019,12,"OK",2,0,0,0.042,0.01
2019,12,"TN",3,0,0,0.03,0
2020,1,"AL",5,7,3,0,0
2020,1,"AR",11,2,0,7.73,1.8
2020,1,"FL",3,1,0,0.025,0
2020,1,"GA",5,0,0,0.599,0
2020,1,"IL",1,0,0,0.08,0
2020,1,"KY",9,0,0,2.785,0
2020,1,"LA",3,4,3,1.635,0
2020,1,"MO",5,0,0,1.725,0
2020,1,"MS",17,6,0,8.47,0.25
2020,1,"OH",2,0,0,0.55,0
2020,1,"OK",3,0,0,0.075,0
2020,1,"SC",7,0,0,0.203,0
2020,1,"TN",4,0,0,0.12,0
2020,1,"TX",14,2,1,0.967,0
2020,2,"AL",5,1,1,0,0
2020,2,"FL",1,1,0,0.2,0
2020,2,"GA",2,0,0,0.06,0
2020,2,"MD",5,0,0,1.076,0
2020,2,"MS",11,4,0,4.714,1.4
2020,2,"NC",8,0,0,2.85,0
2020,2,"SC",2,0,0,10,0
2020,2,"TN",7,1,0,0.19,0
2020,2,"VA",1,0,0,5.78,0
2020,3,"AL",9,1,0,0.05,0
2020,3,"AR",8,23,0,300.935,0
2020,3,"FL",6,0,0,0.054,0
2020,3,"GA",1,1,0,0.05,0
2020,3,"IA",9,0,0,0.44,0.005
2020,3,"IL",8,1,0,0.828,0
2020,3,"IN",1,2,0,2,0
2020,3,"KY",6,2,0,2.936,0.055
2020,3,"MO",3,0,0,0.01,0
2020,3,"MS",4,0,0,3.026,0
2020,3,"NM",3,0,0,0.025,0
2020,3,"OK",2,0,0,0.065,0
2020,3,"TN",12,309,25,1606.045,0.825
2020,3,"TX",15,3,0,2.209,0
2020,3,"WA",1,0,0,0,0
2020,3,"WI",1,0,0,0.18,0
2020,4,"AL",43,6,1,1.255,0
2020,4,"AR",4,2,0,0.658,0
2020,4,"FL",17,0,0,0.985,0
2020,4,"GA",42,53,11,15.21,0
2020,4,"IL",1,0,0,0.1,0
2020,4,"IN",9,0,0,0.75,0
2020,4,"KY",7,0,0,0.37,0
2020,4,"LA",28,1,1,255.434,0
2020,4,"MD",2,0,0,0.3,0
2020,4,"MO",1,0,0,0,0
2020,4,"MS",27,107,12,84.129,22.451
2020,4,"NC",16,0,0,4.5,0
2020,4,"NJ",1,0,0,0,0
2020,4,"OH",13,0,0,1.01,0
2020,4,"OK",16,1,2,2.172,0
2020,4,"PA",3,0,0,0.12,0
2020,4,"SC",30,86,8,105.515,0
2020,4,"TN",5,27,2,0.025,0
2020,4,"TX",15,36,3,7.695,0
2020,5,"AR",9,0,0,0.327,0
2020,5,"CA",1,0,0,0,0
2020,5,"CO",9,0,0,0,0
2020,5,"FL",2,0,0,0,0
2020,5,"GA",1,0,0,0,0
2020,5,"IA",13,0,0,0.1,0
2020,5,"IL",16,1,0,0.03,0
2020,5,"KS",11,0,0,0,0
2020,5,"LA",8,9,1,0.96,0
2020,5,"MN",2,0,0,0,0
2020,5,"MO",3,0,0,0.575,0
2020,5,"MT",1,0,0,0,0
2020,5,"NC",3,0,0,0.1,0
2020,5,"ND",1,0,0,0,0
2020,5,"NE",2,0,0,0.015,0
2020,5,"NY",2,0,0,0,0
2020,5,"OH",1,0,0,0.01,0
2020,5,"OK",16,1,0,0.52,0
2020,5,"SC",4,0,0,0.125,0
2020,5,"TN",1,0,0,0,0
2020,5,"TX",22,0,0,1.292,0
2020,6,"AL",2,0,0,0,0
2020,6,"CO",5,0,0,0,0
2020,6,"FL",13,0,0,1.026,0
2020,6,"IA",1,0,0,0,0
2020,6,"IL",1,0,0,0,0
2020,6,"KS",3,0,0,0.01,0
2020,6,"LA",3,0,0,0.165,0
2020,6,"MN",9,0,0,0.18,0.005
2020,6,"MO",5,0,0,0,0
2020,6,"MS",9,0,0,0.057,0
2020,6,"ND",10,0,0,0.19,0.002
2020,6,"NE",8,0,0,0,0
2020,6,"OH",4,0,0,0.13,0
2020,6,"OR",1,0,0,0,0
2020,6,"PA",1,0,0,0,0
2020,6,"SC",1,0,0,0.01,0
2020,6,"SD",6,0,0,0,0
2020,6,"TN",2,0,0,0.065,0
2020,6,"TX",3,0,0,0,0
2020,6,"WI",3,0,0,0,0
2020,6,"WY",1,0,0,0,0
2020,7,"AL",1,0,0,0,0
2020,7,"AR",1,0,0,0,0
2020,7,"AZ",2,0,0,0,0
2020,7,"CO",16,0,0,0,0
2020,7,"FL",2,0,0,0,0.008
2020,7,"IL",13,0,0,0.335,0.125
2020,7,"IN",2,0,0,0.095,0.01
2020,7,"KS",1,0,0,0.2,0
2020,7,"ME",1,0,0,0.004,0
2020,7,"MN",18,2,1,3.705,0.341
2020,7,"MO",1,0,0,0,0
2020,7,"MS",1,0,0,0.008,0
2020,7,"MT",2,0,0,0,0
2020,7,"ND",4,0,0,0.03,0.002
2020,7,"NE",6,0,0,0.2,0
2020,7,"NM",2,0,0,0,0
2020,7,"NY",3,0,0,0.165,0.001
2020,7,"OK",1,0,0,0.02,0
2020,7,"SD",5,0,0,0,0
2020,7,"TX",8,0,0,0.315,0
2020,7,"WI",9,0,0,0.12,0.003
2020,7,"WY",2,0,0,0,0
2020,8,"AL",5,0,0,0,0
2020,8,"AR",8,0,0,0.353,0.005
2020,8,"CA",3,0,0,0,0
2020,8,"CO",5,0,0,0,0
2020,8,"CT",7,0,0,0.515,0
2020,8,"DE",4,0,0,0,0
2020,8,"FL",5,1,0,8.07,0
2020,8,"IA",5,0,0,0.02,0.0035
2020,8,"IL",16,0,0,0.25,0
2020,8,"IN",4,0,0,0,0
2020,8,"KS",2,0,0,0,0
2020,8,"LA",1,0,0,0,0
2020,8,"MA",1,0,0,0.054,0
2020,8,"MD",10,0,0,0.715,0
2020,8,"MI",3,0,0,0.32,0
2020,8,"MN",31,0,0,1.098,0
2020,8,"MS",1,0,0,0,0.001
2020,8,"NC",13,14,2,2.248,0
2020,8,"ND",7,0,0,0.225,0.065
2020,8,"NE",6,0,0,0.061,0.105
2020,8,"NH",2,0,0,0.005,0
2020,8,"NJ",3,0,0,0,0
2020,8,"NM",1,0,0,0,0
2020,8,"NY",6,1,0,0.18,0.06
2020,8,"PA",2,18,0,0,0
2020,8,"SC",1,1,0,0.1,0
2020,8,"SD",12,0,1,0.075,0.033
2020,8,"TN",2,0,0,0.02,0
2020,8,"TX",2,0,0,0.09,0
2020,8,"VA",10,5,0,16.0445,0.1
2020,8,"WI",7,0,0,0.347,0
2020,8,"WY",1,0,0,0,0
2020,9,"AR",3,0,0,0.15,0
2020,9,"CA",2,0,0,0,0
2020,9,"FL",1,0,0,0.001,0
2020,9,"GA",6,0,0,0.04,0
2020,9,"MD",1,0,0,1.25,0
2020,9,"MO",1,0,0,0,0.002
2020,9,"NC",4,0,0,0.035,0
2020,9,"OH",1,0,0,0.025,0
2020,9,"SC",13,0,0,0.054,0
2020,9,"TN",2,0,0,0.005,0.002
2020,9,"TX",1,0,0,0,0
2020,9,"VA",2,0,0,0.07,0
2020,9,"WI",1,0,0,0,0
2020,10,"AL",2,0,0,0,0
2020,10,"GA",7,0,0,0.84,0
2020,10,"KY",1,0,0,0,0
2020,10,"MA",1,0,0,0.006,0
2020,10,"MS",2,0,0,0.032,0
2020,10,"NC",1,0,0,0.06,0
2020,10,"NY",1,0,0,0.015,0.002
2020,10,"SC",3,1,0,0.2,0
2020,10,"WA",1,0,0,0,0
2020,11,"AR",1,4,0,0.04,0
2020,11,"CA",2,0,0,0,0
2020,11,"FL",3,0,0,0.101,0
2020,11,"IL",8,0,0,0,0
2020,11,"MD",2,0,0,0,0
2020,11,"MS",2,0,0,0.01,0
2020,11,"OK",2,0,0,0.055,0
2020,11,"OR",1,0,0,0.04,0
2020,11,"PA",1,0,0,0,0
2020,11,"TX",2,5,0,0,0
2020,12,"AL",1,0,0,0,0
2020,12,"FL",5,2,0,16.28,0
2020,12,"LA",1,0,0,0,0
2020,12,"MS",13,0,0,0.257,0
2020,12,"NC",1,0,0,0.001,0
2020,12,"SC",1,0,0,0,0
2020,12,"TX",3,0,0,0.585,0
2020,12,"VA",2,0,0,0.325,0
2021,1,"AL",1,30,1,0,0
2021,1,"CA",2,0,0,0,0
2021,1,"FL",2,0,0,0.205,0
2021,1,"GA",4,0,0,0.195,0
2021,1,"LA",1,0,0,0.05,0
2021,1,"OK",4,0,0,0,0
2021,1,"TN",1,0,0,0.01,0
2021,1,"TX",1,0,0,0.5,0
2021,2,"FL",6,0,0,0.05,0
2021,2,"GA",2,5,0,0.5,0
2021,2,"KY",1,0,0,0.04,0
2021,2,"LA",1,0,0,0.03,0
2021,2,"NC",1,10,3,0,0
2021,3,"AL",41,34,6,0.204,0
2021,3,"AR",9,0,0,0.475,0
2021,3,"FL",5,0,0,0.15,0
2021,3,"GA",8,0,0,21.57,0
2021,3,"IA",1,0,0,0,0
2021,3,"IL",3,0,0,0.025,0
2021,3,"KS",4,0,0,0.11,0
2021,3,"KY",3,0,0,0,0
2021,3,"LA",5,0,0,0.315,0
2021,3,"MO",2,0,0,0.06,0
2021,3,"MS",20,2,0,1.057,0
2021,3,"NC",3,0,0,1.65,0
2021,3,"NE",1,0,0,0,0
2021,3,"OK",3,0,0,0.015,0
2021,3,"SC",1,0,0,0,0
2021,3,"TN",7,1,0,0.585,0
2021,3,"TX",26,4,1,3.195,0
2021,3,"VA",1,0,0,0.1,0
2021,3,"VT",1,2,0,0.075,0
2021,3,"WA",1,0,0,0,0
2021,4,"AL",2,2,0,0.125,0
2021,4,"AR",3,0,0,0.235,0
2021,4,"CA",1,0,0,0.01,0.02
2021,4,"CO",9,0,0,0,0
2021,4,"CT",1,0,0,0.002,0.005
2021,4,"FL",9,1,0,1.625,0.002
2021,4,"GA",4,0,0,0.075,0
2021,4,"IA",1,1,0,0,0
2021,4,"IL",1,0,0,0,0
2021,4,"LA",13,8,1,2.665,0
2021,4,"MI",1,0,0,0.075,0
2021,4,"MO",5,0,0,0.405,0
2021,4,"MS",5,0,0,0.36,0
2021,4,"NC",2,0,0,0.006,0
2021,4,"NY",1,0,0,0.045,0
2021,4,"OK",5,0,0,0.105,0
2021,4,"SC",2,0,0,0.03,0
2021,4,"TN",5,1,0,0.625,0
2021,4,"TX",10,0,0,0.696,0
2021,5,"AL",6,0,0,0,0
2021,5,"AR",6,1,0,16.105,0
2021,5,"CO",25,0,0,0,0
2021,5,"GA",7,0,0,0.9,0
2021,5,"IA",4,0,0,0,0
2021,5,"IL",12,0,0,0.07,0
2021,5,"KS",18,0,0,0.025,0
2021,5,"KY",6,0,0,0.885,0.001
2021,5,"LA",18,0,0,1.56,0
2021,5,"MD",3,0,0,0.3,0
2021,5,"MN",8,0,0,0,0
2021,5,"MO",5,0,0,0.515,0
2021,5,"MS",27,0,0,4.128,0
2021,5,"NC",2,0,0,0.15,0
2021,5,"ND",1,0,0,0,0
2021,5,"NE",14,0,0,0.09,0
2021,5,"NM",12,0,0,0,0
2021,5,"OK",13,1,0,16.295,0
2021,5,"PA",2,0,0,0,0
2021,5,"SC",3,1,0,0.465,0
2021,5,"SD",6,0,0,0,0
2021,5,"TN",21,2,0,0.815,0
2021,5,"TX",42,8,0,2.5385,0
2021,5,"VA",2,0,0,0.5,0
2021,5,"WV",1,1,0,0.1,0
2021,5,"WY",1,0,0,0,0
2021,6,"AL",3,21,0,3.2,0
2021,6,"AR",4,0,0,0,0.005
2021,6,"AZ",3,0,0,0,0
2021,6,"CO",8,0,0,0.5305,0
2021,6,"FL",1,0,0,0.005,0
2021,6,"GA",1,0,0,0.003,0
2021,6,"IA",2,0,0,0.01,0
2021,6,"IL",15,11,0,0.15,0.1
2021,6,"IN",12,1,0,0.3335,0.008
2021,6,"KY",2,0,0,0.07,0
2021,6,"MD",1,0,0,0.25,0
2021,6,"MI",9,6,0,2.83,0
2021,6,"MN",1,0,0,0,0
2021,6,"MO",7,0,0,0,0
2021,6,"MS",7,0,0,0.185,0
2021,6,"NC",4,0,0,0.225,0
2021,6,"ND",6,0,0,0,0
2021,6,"NM",2,0,0,0,0
2021,6,"NY",2,0,0,0.104,0
2021,6,"OH",2,0,0,1.06,0.05
2021,6,"OK",1,0,0,0,0
2021,6,"PA",1,0,0,0,0
2021,6,"SC",1,0,0,0.15,0
2021,6,"SD",2,0,0,0,0
2021,6,"TX",5,0,0,0.111,0
2021,6,"WI",2,0,0,0.02,0
2021,6,"WV",1,0,0,0,0
2021,7,"AZ",3,0,0,0,0
2021,7,"CO",3,0,0,0,0
2021,7,"CT",1,0,0,0.045,0
2021,7,"DC",2,0,0,0.2,0
2021,7,"DE",2,0,0,0,0
2021,7,"FL",2,0,0,0,0
2021,7,"GA",2,17,0,0,0
2021,7,"IA",25,0,0,4.183,0.0362
2021,7,"IL",8,0,0,0.012,0
2021,7,"IN",2,0,0,0.058,0.0055
2021,7,"KS",1,0,0,0,0
2021,7,"MD",1,0,0,0.05,0
2021,7,"MI",4,0,0,14.1,0
2021,7,"MN",3,0,0,1.8,0.1
2021,7,"MO",2,0,0,2.02,0
2021,7,"MT",1,0,0,0,0
2021,7,"NC",3,0,0,0.025,0
2021,7,"NE",1,0,0,0,0
2021,7,"NJ",8,8,0,0.33,0
2021,7,"NM",2,0,0,0,0
2021,7,"NY",1,0,0,0.1075,0.05
2021,7,"OH",6,0,0,1.3005,0.01
2021,7,"OK",1,0,0,0.05,0
2021,7,"PA",15,0,0,0.44,0.006
2021,7,"SC",5,0,0,1,0
2021,7,"TX",1,0,0,0,0
2021,7,"UT",3,0,0,0,0
2021,7,"VA",5,0,0,1.125,0
2021,7,"WI",17,0,0,0.685,0
2021,8,"AL",7,3,0,0.13,0
2021,8,"CO",3,0,0,0.02,0
2021,8,"CT",2,0,0,0.04,0
2021,8,"FL",2,0,0,0.01,0
2021,8,"GA",8,0,0,0.625,0
2021,8,"IA",18,0,0,0.332,0.0597
2021,8,"IL",16,0,0,0,0
2021,8,"KS",1,0,0,0,0
2021,8,"LA",2,0,0,0.125,0
2021,8,"MA",5,0,0,0.034,0
2021,8,"MI",1,0,0,0.3,0
2021,8,"MN",16,0,0,0.125,0.011
2021,8,"MO",1,0,0,0.015,0
2021,8,"MS",16,0,0,1.535,0
2021,8,"NC",4,0,0,0.125,0
2021,8,"ND",6,0,0,0.153,0.007
2021,8,"NJ",1,0,0,0,0
2021,8,"NV",1,0,0,0,0
2021,8,"OH",3,0,0,0,0
2021,8,"PA",7,0,0,0.07,0
2021,8,"SC",12,0,0,0.13,0
2021,8,"SD",6,0,0,0.2,0
2021,8,"TN",1,0,0,0.005,0
2021,8,"TX",2,0,0,0.005,0
2021,8,"VA",3,0,0,0.028,0
2021,8,"WI",11,0,0,0.473,0.042
2021,9,"CA",1,0,0,0,0
2021,9,"CT",1,0,0,0.04,0
2021,9,"FL",2,0,0,0,0
2021,9,"MA",1,0,0,0.015,0
2021,9,"MD",3,0,0,0.07,0.005
2021,9,"MI",1,0,0,0,0
2021,9,"MN",5,0,0,0.352,0.01
2021,9,"NJ",4,2,0,5,0
2021,9,"NY",1,0,0,0.01,0
2021,9,"PA",8,2,1,5.52,0
2021,9,"UT",1,0,0,0,0.75
2021,9,"WA",1,0,0,0.04,0
2021,9,"WI",1,1,0,0.45,0
2021,10,"AR",2,0,0,0.105,0
2021,10,"FL",1,0,0,0,0
2021,10,"IL",12,0,0,3.14,0
2021,10,"IN",5,0,0,0.045,0.005
2021,10,"KS",13,0,0,0.11,0
2021,10,"LA",6,3,0,3.512,0
2021,10,"MI",2,0,0,0.04,0
2021,10,"MN",9,0,0,0,0
2021,10,"MO",18,2,0,4.415,0
2021,10,"MS",2,0,1,0.2,0
2021,10,"ND",2,0,0,0,0
2021,10,"OH",19,1,0,1.445,0
2021,10,"OK",34,0,0,3.661,0.1
2021,10,"PA",12,1,1,8.545,0.85
2021,10,"SD",7,0,0,0,0
2021,10,"TN",2,0,0,0.03,0
2021,10,"TX",4,1,0,6.0005,0
2021,10,"VA",1,0,0,0.04,0
2021,11,"AL",1,0,0,0,0
2021,11,"CT",6,0,0,0.387,0
2021,11,"LA",2,0,0,0.095,0
2021,11,"NY",7,0,0,2.417,0
2021,11,"OK",4,0,0,0.1,0
2021,11,"RI",3,0,0,0.11,0
2021,11,"TX",2,0,0,0.001,0
2021,12,"AL",7,0,0,0,0
2021,12,"AR",13,22,10,24.52,0
2021,12,"FL",3,1,0,0.75,0
2021,12,"GA",11,6,0,0.215,0
2021,12,"IA",70,0,0,12.5325,0
2021,12,"IL",8,2,6,5.09,0
2021,12,"IN",1,0,0,0,0
2021,12,"KY",30,617,74,0.635,0
2021,12,"LA",2,0,0,0.052,0
2021,12,"MN",23,0,0,1.93,0
2021,12,"MO",8,11,3,7.295,0
2021,12,"MS",1,0,0,0.125,0
2021,12,"NE",28,2,0,4.252,0
2021,12,"OH",1,0,0,0.3,0
2021,12,"TN",34,592,61,42.3772,0
2021,12,"TX",1,0,0,0.2,0
2021,12,"WI",10,0,0,1.395,0
2022,1,"AL",8,1,0,0.051,0
2022,1,"FL",8,1,0,10.795,0
2022,1,"GA",2,0,0,0,0
2022,1,"KY",10,0,0,0.643,0.01
2022,1,"LA",2,6,0,1.511,0
2022,1,"NC",2,0,0,1.6,0
2022,1,"TN",1,0,0,0.05,0
2022,1,"TX",6,0,0,0.67,0
2022,2,"AL",9,8,1,0,0
2022,2,"AR",1,0,0,0,0
2022,2,"KY",1,0,0,0.05,0
2022,3,"AL",32,2,0,0,0
2022,3,"AR",10,12,0,20.77,0
2022,3,"FL",18,4,2,2.788,0
2022,3,"GA",2,0,0,0,0
2022,3,"IA",15,6,7,223.1155,0
2022,3,"IL",6,0,0,0.342,0
2022,3,"IN",4,0,0,0.125,0
2022,3,"KS",1,0,0,0,0
2022,3,"KY",4,0,0,0,0
2022,3,"LA",20,2,1,33.468,0
2022,3,"MO",3,0,0,0,0
2022,3,"MS",58,5,0,5.3961,0.232
2022,3,"NC",3,0,0,0.725,0
2022,3,"OH",5,0,0,0.267,0
2022,3,"OK",6,0,0,1.195,0
2022,3,"PA",3,1,0,0.3,0
2022,3,"SC",2,0,0,0.25,0
2022,3,"TN",3,0,0,1,0
2022,3,"TX",41,58,3,12.989,0
2022,3,"VA",3,0,0,0.62,0
2022,3,"WI",1,0,0,0.05,0
2022,4,"AL",21,0,0,0.203,0.003
2022,4,"AR",11,0,0,0.765,0.012
2022,4,"CA",1,0,0,0,0
2022,4,"FL",4,0,0,0.198,0
2022,4,"GA",34,15,1,0.51,0
2022,4,"IA",16,1,0,1.7485,0
2022,4,"IL",5,0,0,0,0
2022,4,"IN",1,0,0,0.015,0
2022,4,"KS",18,3,0,41.5,0
2022,4,"KY",15,0,0,0.137,0
2022,4,"LA",7,1,0,0.895,0
2022,4,"MN",5,2,0,2.27,0
2022,4,"MO",2,0,0,0.29,0
2022,4,"MS",35,1,0,2.273,0
2022,4,"ND",1,0,0,0,0
2022,4,"NE",10,0,0,0,0
2022,4,"NY",1,0,0,0.025,0
2022,4,"OH",1,0,0,0.02,0
2022,4,"OK",7,1,0,0.343,0
2022,4,"SC",14,2,0,0,0
2022,4,"SD",2,0,0,0,0
2022,4,"TX",9,24,0,1.7,0
2022,4,"VA",1,0,0,0.4,0
2022,5,"AL",4,0,0,0.015,0
2022,5,"AR",3,0,0,0.05,0
2022,5,"CO",1,0,0,0,0
2022,5,"FL",8,0,0,0.115,0
2022,5,"IA",3,0,0,0,0
2022,5,"ID",1,0,0,0,0
2022,5,"IL",12,0,0,1.315,0
2022,5,"IN",7,0,0,0.455,0
2022,5,"KS",7,0,0,0,0
2022,5,"KY",2,2,0,0.02,0
2022,5,"LA",1,0,0,0.05,0
2022,5,"MD",2,0,0,0.31,0
2022,5,"MI",1,44,2,50.175,0
2022,5,"MN",47,0,0,5.15,0.001
2022,5,"MO",8,0,0,0.21,0
2022,5,"MS",2,0,0,0.06,0
2022,5,"NC",11,1,0,1.216,0.012
2022,5,"ND",3,0,0,0,0
2022,5,"NE",6,0,0,0,0
2022,5,"NH",1,0,0,0.006,0
2022,5,"NJ",1,0,0,0,0
2022,5,"OH",2,0,0,0.0925,0
2022,5,"OK",28,0,0,1.261,0
2022,5,"OR",1,0,0,0,0
2022,5,"PA",3,3,0,0.399,0
2022,5,"PR",1,0,0,0,0
2022,5,"SC",6,0,0,0.05,0
2022,5,"SD",29,3,0,0,0
2022,5,"TX",29,1,0,6.318,0
2022,5,"VA",5,3,0,1.123,0
2022,5,"WA",2,0,0,0.05,0
2022,5,"WI",6,0,0,0.13,0
2022,6,"AZ",3,0,0,0,0
2022,6,"CO",16,0,0,0.005,0
2022,6,"FL",4,0,0,0.22,0
2022,6,"IA",1,0,0,0,0
2022,6,"IL",3,0,0,0,0
2022,6,"IN",2,0,0,0.3,0
2022,6,"KS",23,0,0,10,0
2022,6,"LA",1,0,0,0,0
2022,6,"MD",1,0,0,0.1,0
2022,6,"MN",8,0,0,0.015,0
2022,6,"MO",3,0,0,0,0
2022,6,"MS",1,0,0,0.075,0
2022,6,"NC",1,0,0,0,0
2022,6,"ND",7,0,0,0,0
2022,6,"NE",10,2,0,2.2,5
2022,6,"NJ",1,0,0,0,0
2022,6,"NM",1,0,0,0,0
2022,6,"OH",12,0,0,2.16925,0
2022,6,"OR",1,0,0,0,0
2022,6,"SC",1,0,0,0,0
2022,6,"SD",7,0,0,0,0.005
2022,6,"TN",1,0,0,0.025,0
2022,6,"UT",1,0,0,0,0
2022,6,"VA",3,0,0,0.175,0
2022,6,"WI",13,2,0,6.52,0
2022,6,"WY",2,0,0,0,0
2022,7,"CO",13,0,0,0,0
2022,7,"CT",1,0,0,0,0
2022,7,"FL",1,0,0,0,0
2022,7,"IA",6,0,0,0.061,5e-04
2022,7,"IL",4,0,0,0,0
2022,7,"KS",6,0,0,0,0
2022,7,"MD",2,0,0,0.25,0
2022,7,"MI",1,0,0,0.07,0
2022,7,"MN",5,0,0,0.135,0
2022,7,"MT",2,0,0,0,0
2022,7,"ND",2,0,0,0,0
2022,7,"NE",1,0,0,0.5,0.2
2022,7,"NH",1,0,0,0.002,0
2022,7,"NY",3,0,0,0.778,0
2022,7,"OH",6,5,0,4.077,0
2022,7,"OK",1,0,0,0.055,0
2022,7,"SC",1,0,0,0,0
2022,7,"TX",1,0,0,0,0
2022,7,"VA",2,0,0,0.035,0
2022,7,"VT",2,0,0,0.01,0
2022,7,"WI",1,0,0,0.01,0
2022,7,"WV",2,0,0,0.3,0
2022,8,"AZ",2,0,0,0,0
2022,8,"CA",1,0,0,0,0
2022,8,"CO",1,0,0,0,0
2022,8,"FL",1,0,0,0,0
2022,8,"IA",1,0,0,0,0
2022,8,"IL",4,0,0,0,0
2022,8,"IN",1,0,0,0.015,0
2022,8,"KS",1,0,0,0,0
2022,8,"LA",2,0,0,0,0
2022,8,"MD",1,1,0,0.25,0
2022,8,"MI",2,0,0,0,0
2022,8,"MN",6,0,0,2.85,0
2022,8,"MS",1,0,0,0,0
2022,8,"MT",1,0,0,0,0
2022,8,"ND",3,0,0,0.275,0.01
2022,8,"PA",2,0,0,0.25,0.005
2022,8,"TX",5,0,0,0.075,0
2022,8,"WV",2,0,0,1.25,0.01
2022,9,"AZ",2,0,0,0,0
2022,9,"FL",14,2,0,2.323,0
2022,9,"IL",1,0,0,0,0
2022,9,"NC",2,0,0,0,0
2022,9,"NM",1,0,0,0,0
2022,9,"NY",3,0,0,0.24,0
2022,9,"OH",1,0,0,0.012,0
2022,9,"SC",1,0,0,0,0
2022,10,"AL",11,0,0,0,0
2022,10,"AZ",2,0,0,0.35,0
2022,10,"CA",1,0,0,0,0
2022,10,"FL",3,0,0,0.16224,0
2022,10,"GA",1,0,0,0,0
2022,10,"LA",1,0,0,0.15,0
2022,10,"MS",4,0,0,0.015,0
2022,10,"OK",2,0,0,0.005,0
2022,10,"OR",2,0,0,0.075,0
2022,10,"TX",2,0,0,0.5,0
2022,10,"WI",7,0,0,0,0
2022,11,"AL",12,2,2,0.04,0
2022,11,"AR",16,0,0,0.932,0
2022,11,"CA",1,0,0,0,0
2022,11,"GA",2,0,0,0.005,0
2022,11,"IL",1,0,0,0,0
2022,11,"LA",5,1,0,0.488,0
2022,11,"MS",12,0,0,1.994,0
2022,11,"OK",6,8,1,36.42,0
2022,11,"TX",11,49,1,67.92,0
2022,11,"VA",2,0,0,0.075,0
2022,12,"AL",3,0,0,0,0
2022,12,"FL",8,2,0,0.65,0
2022,12,"GA",1,0,0,1,0
2022,12,"LA",12,50,3,152.69,0
2022,12,"MS",8,3,0,3.784,0.448
2022,12,"OK",8,0,0,0.168,0
2022,12,"TX",18,9,0,0.182,0
